audit_id,dataset_index,target,mlp_median_D_over_s,mlp_median_H_over_s,mlp_median_chi,mlp_visible_seed_count,mlp_material_seed_count,mlp_fc_seed_count,crossnet_median_D_over_s,crossnet_median_H_over_s,crossnet_median_chi,crossnet_visible_seed_count,crossnet_material_seed_count,crossnet_fc_seed_count,delta_H_mlp_minus_crossnet,delta_D_mlp_minus_crossnet,shared_fc_any
0,18834,0.557,0.1132028928668567,3.338136383844236,0.9583699920693644,0,5,0,0.5881774397380638,1.865429496075032,0.7641424375303415,0,5,0,1.472706887769204,-0.4749745468712071,False
1,12797,0.598,0.1259358747928108,0.9951577737777456,0.8875491583272558,0,5,0,0.1243990755883761,0.3901173303322311,0.7565993644349319,0,5,0,0.6050404434455146,0.0015367992044346968,False
2,19817,0.656,0.009320585942175,0.0458578753917029,0.901122287980027,5,2,2,0.0053118571310504,0.0224662105015709,0.7465780455185506,5,0,0,0.023391664890132,0.0040087288111246,False
3,2319,0.682,0.0257164544384964,0.1633347034138406,0.8778088589191876,1,5,1,0.0124367259872908,0.0268930747960429,0.6860242289968557,5,0,0,0.13644162861779768,0.013279728451205598,False
4,2961,0.699,0.0665359535416445,0.3733464244237042,0.9018711343435442,0,5,0,0.0152393552213757,0.1177456888945597,0.8779885041937234,4,5,4,0.2556007355291445,0.0512965983202688,False
5,9528,0.7,0.2297418997423224,3.681956242549148,0.941267988636838,0,5,0,0.5451325385532063,2.0768816561055106,0.7577445926515849,0,5,0,1.6050745864436373,-0.3153906388108839,False
6,2903,0.725,0.1319616995641094,2.374945565395555,0.9500968659038486,0,5,0,0.0486201313513701,0.5472405260216215,0.9086004356937908,0,5,0,1.8277050393739336,0.08334156821273932,False
7,2561,0.741,0.3109516005009892,5.26032004765471,0.9351157079173508,0,5,0,1.4707892768101074,3.8299672161901017,0.6654301150038506,0,5,0,1.430352831464608,-1.1598376763091183,False
8,9579,0.797,0.1120530356667267,0.9670896773819442,0.9012713113228686,0,5,0,0.0381252278996954,0.1953089666054934,0.8366767645995068,0,5,0,0.7717807107764507,0.0739278077670313,False
9,12279,0.819,0.0948017977464771,1.1180437098803548,0.928308386824014,0,5,0,0.070959154850654,0.2527683386633662,0.7689338155803721,0,5,0,0.8652753712169887,0.023842642895823093,False
10,5210,0.904,0.1857912363265458,1.63842473179965,0.9431767729299272,0,5,0,0.0517840599952672,0.3720125405337622,0.8727383870307901,0,5,0,1.2664121912658879,0.1340071763312786,False
11,7482,0.932,0.2055034186829042,1.5477057900825302,0.897091464493519,0,5,0,0.0765508357981225,0.4059548185497918,0.8447889088746519,0,5,0,1.1417509715327383,0.1289525828847817,False
12,13055,0.961,0.139355030748235,0.5123294769843059,0.8044385430812514,0,5,0,0.0866167408752464,0.1836433892765716,0.6619422460254004,0,5,0,0.3286860877077343,0.05273828987298859,False
13,12827,0.962,0.114917772091127,0.4622003554668414,0.8631717208874103,0,5,0,0.1206246925487922,0.2020315243189673,0.6191170394828802,0,5,0,0.26016883114787415,-0.005706920457665202,False
14,2997,1.002,0.032754715570633,0.1499362561604681,0.8416142180644354,1,5,1,0.0079274092143439,0.0263510844140875,0.6939126238747543,5,0,0,0.1235851717463806,0.024827306356289103,False
15,5030,1.01,0.2220100066384742,1.444253174199494,0.9115135462319156,0,5,0,0.038729223429261,0.3181743783023334,0.8914854788762067,0,5,0,1.1260787958971605,0.1832807832092132,False
16,9116,1.026,0.0821123229175539,1.7717211213387334,0.9568990747549068,0,5,0,0.0172842969032619,0.3421885849879242,0.94543512048746,3,5,3,1.4295325363508091,0.064828026014292,False
17,20015,1.034,0.0066136724007305,0.0236283056182956,0.8759835067072589,5,2,2,0.0035357629203437,0.0110613650849157,0.7296583468101635,5,0,0,0.012566940533379901,0.0030779094803868,False
18,1857,1.059,0.1608405742780434,1.2255089395215164,0.8267455437310302,0,5,0,1.5282781315316256,1.289677851961291,0.4496085074439555,0,5,0,-0.06416891243977463,-1.3674375572535822,False
19,19048,1.075,0.0741769287383162,0.4897936061078106,0.9197849029501202,2,5,2,0.1899771265729926,0.2512862567178155,0.5078342877336716,0,5,0,0.23850734938999507,-0.11580019783467639,False
20,9519,1.089,0.2864084614816756,2.659835811227216,0.8965126262734917,0,5,0,0.545463744691367,1.5891103535013376,0.6987262593708204,0,5,0,1.0707254577258782,-0.25905528320969146,False
21,2993,1.098,0.0289799498454626,0.0745199446037804,0.7136062143170129,0,4,0,0.0064531471766136,0.0113039507413196,0.6382875140117757,5,0,0,0.06321599386246081,0.022526802668849003,False
22,11936,1.16,0.1943489342122768,4.864926692344996,0.9646356001659496,0,5,0,0.0648031312825139,0.7450870133375832,0.9300172833635204,0,5,0,4.119839679007413,0.12954580292976292,False
23,9470,1.162,0.4903272854166561,1.0358016089611222,0.6896431650119493,0,5,0,0.6635894396847828,0.7603002039802658,0.5172268088977797,0,5,0,0.2755014049808564,-0.1732621542681267,False
24,16444,1.167,0.1283958490032782,0.7990429741675794,0.8615586863570144,0,5,0,0.0805525644588515,0.2051126345059068,0.6970306715720971,0,5,0,0.5939303396616726,0.047843284544426684,False
25,12155,1.172,0.2603251461723035,1.5286552694851552,0.8714966601756345,0,5,0,0.0666042200430379,0.2566231558769926,0.7960029878138971,0,5,0,1.2720321136081627,0.1937209261292656,False
26,13083,1.18,0.1644194553779859,2.156622055384039,0.9234391746420572,0,5,0,0.1155355793928061,0.4075970673094441,0.7950770520273418,0,5,0,1.749024988074595,0.048883875985179806,False
27,12928,1.216,0.1131873827742307,0.3504361908342982,0.7958972207821631,0,5,0,0.0860378738365685,0.1281239656319421,0.5496381319023133,0,5,0,0.22231222520235613,0.0271495089376622,False
28,15342,1.256,0.073489256763527,0.6361342723533102,0.8964390923522672,0,5,0,0.0627265832546817,0.1315143294776301,0.7096394543372253,0,5,0,0.5046199428756801,0.0107626735088453,False
29,13936,1.286,0.333425300253058,7.463901823684378,0.9572385132811144,0,5,0,0.2317947408648816,1.8863213291324932,0.8661526945088838,0,5,0,5.577580494551885,0.10163055938817639,False
30,243,1.375,0.6229854091606767,3.4059625118217136,0.8371146297495925,0,5,0,0.1882189090228781,1.236909316564199,0.8023153390541516,0,5,0,2.169053195257515,0.4347665001377986,False
31,12361,1.375,0.4950244623163226,24.422070591181683,0.9782860541704508,0,5,0,0.3044328055313097,8.527214764807933,0.9544941355133923,0,5,0,15.89485582637375,0.1905916567850129,False
32,6134,1.385,0.2160099149599695,1.7658548076116216,0.8879829010116979,0,5,0,0.0535005787523034,0.326363738511265,0.8610145653670622,0,5,0,1.4394910691003566,0.16250933620766608,False
33,1951,1.426,0.132931040896194,0.7765388699629895,0.8394465089664799,0,5,0,0.0309205027356834,0.1666713311450216,0.8201207760999757,0,5,0,0.6098675388179678,0.10201053816051062,False
34,10023,1.444,0.1198631283925521,1.0910525553934702,0.892697879738464,0,5,0,0.0875234440504068,0.2643019527760686,0.7512304545382935,0,5,0,0.8267506026174016,0.032339684342145306,False
35,9457,1.458,0.2169623046911777,10.243670993501688,0.9708455242971672,0,5,0,0.9968420358438528,5.016437518805673,0.8140050679989871,0,5,0,5.227233474696015,-0.7798797311526751,False
36,2358,1.487,0.0707894131587489,0.1947841537746187,0.8410951062147275,1,5,1,0.0147858451246562,0.0537843816574312,0.7550196649879004,4,3,2,0.1409997721171875,0.0560035680340927,True
37,15340,1.516,0.1897869219235233,2.030922683731737,0.9145377128823092,0,5,0,0.071332211427563,0.5465085325495898,0.8922789045352394,0,5,0,1.4844141511821471,0.1184547104959603,False
38,7011,1.556,0.177253699291024,2.019007854790122,0.9192929917834026,0,5,0,0.0530332285481985,0.4651027739591297,0.9080036530385828,0,5,0,1.5539050808309924,0.1242204707428255,False
39,4943,1.563,0.1721723040837416,4.268370924430956,0.9596256196025644,0,5,0,0.0732826585434987,0.7998256500974776,0.9129981422672262,0,5,0,3.4685452743334784,0.09888964554024289,False
40,10139,1.595,0.2078754296906939,1.728226361343017,0.8969929490942438,0,5,0,0.0564301113368876,0.1890696442286979,0.7594205666096728,0,5,0,1.5391567171143192,0.15144531835380629,False
41,13689,1.6,0.1728981372218688,1.963378081414236,0.9387592904604078,0,5,0,0.0818300490358283,0.3416821223762216,0.7993131246511025,0,5,0,1.6216959590380144,0.09106808818604051,False
42,12306,1.611,0.477637350673916,11.834056067302752,0.9557369706255155,0,5,0,0.4094843327947612,3.255389104907017,0.8857165963296242,0,5,0,8.578666962395735,0.06815301787915479,False
43,14526,1.634,0.1179134920519971,1.302873640587542,0.937255796095564,0,5,0,0.1032404791665869,0.2812776665376806,0.7252421034401617,0,5,0,1.0215959740498615,0.014673012885410203,False
44,17733,1.645,0.3866634914504389,0.9461982313432656,0.7189386844510204,0,5,0,0.0916648850508885,0.2866499121375065,0.6723646684590602,0,5,0,0.6595483192057592,0.2949986063995504,False
45,6168,1.655,0.2069698077591146,0.2296385740735682,0.4905175175332322,0,5,0,0.0251512173059522,0.0489952353904125,0.7037407176675043,1,2,0,0.18064333868315569,0.1818185904531624,False
46,14636,1.663,0.3936206906142412,6.797876259616313,0.951984568012438,0,5,0,0.21835619204465,1.3713394253316542,0.8927382124848642,0,5,0,5.426536834284659,0.1752644985695912,False
47,13286,1.664,0.188150988612912,0.7166428477491904,0.7920509832721571,0,5,0,0.0411406171958833,0.1242015372177376,0.7439555441104211,0,5,0,0.5924413105314528,0.1470103714170287,False
48,14542,1.683,0.179322690431689,1.202708050420167,0.8604997311575396,0,5,0,0.0994455275539819,0.3321387756716841,0.7423764096384435,0,5,0,0.870569274748483,0.0798771628777071,False
49,14720,1.772,0.2270129145578761,0.3490794170090688,0.6829757141338197,0,5,0,0.1038843766986453,0.1463618009359886,0.5935578352673525,0,5,0,0.2027176160730802,0.1231285378592308,False
50,7158,1.819,0.1915600811243465,1.9261870778433667,0.9176344141235102,0,5,0,0.0602864925074546,0.399503254991289,0.8736673964908089,0,5,0,1.5266838228520778,0.1312735886168919,False
51,730,1.828,0.4818585624748019,1.0235774944613854,0.6361155416693122,0,5,0,0.1374859821322004,0.3040611506614541,0.5464148813752987,0,5,0,0.7195163437999312,0.34437258034260154,False
52,738,1.869,0.5084052994551995,0.6330727988490156,0.5545344166506117,0,5,0,0.0983485794722645,0.2338588386607412,0.5849802020313428,0,5,0,0.3992139601882744,0.410056719982935,False
53,3461,1.894,0.1069473820295431,0.0971301328892616,0.512546996501065,0,5,0,0.0159796189776743,0.0134085006702349,0.4562558214298288,4,0,0,0.0837216322190267,0.0909677630518688,False
54,15343,1.898,0.2644493311818185,1.873468647241554,0.9162630728578868,0,5,0,0.0925711223456087,0.5116318905771807,0.826167860678559,0,5,0,1.3618367566643732,0.1718782088362098,False
55,8280,1.986,0.2069671105142842,3.2398882449578124,0.9523958005647942,0,5,0,0.0573632040440019,0.4587721247742931,0.883146336085421,0,5,0,2.781116120183519,0.14960390647028232,False
56,15471,1.99,0.1833511112548789,2.2332530104286974,0.9497607940253704,0,5,0,0.094710608415347,0.3989156314601814,0.8182320654378697,0,5,0,1.834337378968516,0.08864050283953191,False
57,11110,2.013,0.2428808308035752,2.6545764811577586,0.9161744920966012,0,5,0,0.0518850023886803,0.4156698222807398,0.8885024199207785,0,5,0,2.238906658877019,0.1909958284148949,False
58,14292,2.032,0.2422273029378433,5.976219904230407,0.9630396199916392,0,5,0,0.1318609448391702,1.4294661116679046,0.9057348487832731,0,5,0,4.546753792562503,0.1103663580986731,False
59,1456,2.041,0.0983659170418112,0.2465769359860141,0.7239818979491571,0,5,0,0.1649362693510108,0.1734660826239978,0.4408416761713459,0,5,0,0.07311085336201631,-0.0665703523091996,False
60,15570,2.109,0.1351683238128004,1.345529373611229,0.9168823899749732,0,5,0,0.0978469165882332,0.3024154029425767,0.743226482238445,0,5,0,1.0431139706686523,0.037321407224567185,False
61,15883,2.173,0.8057851827884581,1.4366310182568842,0.6269133034493052,0,5,0,0.1912757597802891,0.5808762529035525,0.7429312615730728,0,5,0,0.8557547653533317,0.614509423008169,False
62,16663,2.193,0.0773477233648907,0.7212519337895896,0.8980744689975779,0,5,0,0.0398014209461916,0.1024148618570692,0.7646107658390358,0,5,0,0.6188370719325205,0.03754630241869909,False
63,11025,2.223,0.215561584732451,1.3151144221788238,0.8591722978872393,0,5,0,0.0822521696332616,0.3852999967165923,0.8316759451005835,0,5,0,0.9298144254622315,0.1333094150991894,False
64,17449,2.231,0.0846796473000952,2.8922147312268303,0.972902684797523,0,5,0,0.0521489882130586,0.3055217109526622,0.8864587057100745,1,5,1,2.586693020274168,0.0325306590870366,False
65,11267,2.256,0.2176605676207253,1.2642133749479458,0.8981342201285535,0,5,0,0.078916772080593,0.2356535408741233,0.7742477881685494,0,5,0,1.0285598340738225,0.1387437955401323,False
66,8013,2.262,0.1760112859609278,1.822092585817571,0.9025622462049312,0,5,0,0.0740570109176605,0.284217294578102,0.7957128490675097,0,5,0,1.5378752912394689,0.1019542750432673,False
67,10222,2.296,0.1731337730902397,2.0016032625384232,0.922425177867759,0,5,0,0.0577992559572902,0.2951005677907189,0.8434985843946056,0,5,0,1.7065026947477042,0.1153345171329495,False
68,13255,2.305,0.1230617070667515,0.89292162632711,0.8944687249123735,0,5,0,0.0326802920022961,0.0985114885524018,0.75409195511585,1,5,1,0.7944101377747083,0.0903814150644554,False
69,6618,2.306,0.2029311510082582,0.9957827916802724,0.7896616158028774,0,5,0,0.0426436916262896,0.1389753077231422,0.7852950640382607,0,5,0,0.8568074839571302,0.1602874593819686,False
70,15039,2.414,0.1915540467557462,1.5740503215421568,0.9179096175297792,0,5,0,0.0844362503551095,0.4313211812066223,0.8260380445151305,0,5,0,1.1427291403355346,0.10711779640063669,False
71,19348,2.446,0.1588769856303667,0.7065220330537109,0.8955592423737953,0,5,0,0.3235175629308002,0.5298478702032304,0.5232030696682674,0,5,0,0.17667416285048043,-0.1646405773004335,False
72,11032,2.48,0.125164233462058,0.3405228027216928,0.7312267172224424,0,5,0,0.0346580159725213,0.0664304662500368,0.6501418479410701,1,4,1,0.274092336471656,0.09050621748953669,False
73,19241,2.542,0.1666486909334141,3.414509122338695,0.967065999593954,0,5,0,0.3592332125698532,1.7435583914093584,0.791662725012241,0,5,0,1.6709507309293365,-0.19258452163643908,False
74,16647,2.589,0.0780672675456831,0.3507996661641349,0.8258995908519461,0,5,0,0.0166962256481619,0.0383749658567416,0.7104989848494717,3,2,1,0.3124247003073933,0.061371041897521204,False
75,20365,2.593,0.1398879611918139,1.7049021087155003,0.9082230490488332,0,5,0,0.0617970757156051,0.3006859018021092,0.8512707914058333,0,5,0,1.4042162069133912,0.0780908854762088,False
76,18638,2.624,0.3299461764892112,2.039632220706732,0.8362783996681931,0,5,0,0.0945772132412069,0.553019886691959,0.823770274496305,0,5,0,1.4866123340147732,0.23536896324800433,False
77,8396,2.625,0.1710175995131028,1.864261088447243,0.9229102940595528,0,5,0,0.0730499413536336,0.3209493870772194,0.8184058615620209,0,5,0,1.5433117013700237,0.0979676581594692,False
78,19315,2.698,0.3939608439782624,1.4594016654373836,0.8399170575846708,0,5,0,0.3012050138878062,0.6748554771439285,0.623430748151418,0,5,0,0.7845461882934551,0.09275583009045624,False
79,17995,2.83,0.6509353195399894,2.0149701063077603,0.7647591748164436,0,5,0,0.1565203262231029,0.6474940430579115,0.8031775667339626,0,5,0,1.3674760632498488,0.4944149933168865,False
80,14381,2.868,0.4476702462436406,5.62636010647635,0.9262976606557176,0,5,0,0.0996186388887139,1.33264077647993,0.922670319957383,0,5,0,4.293719329996421,0.3480516073549267,False
81,15735,2.875,0.6782355625438539,3.01938226336557,0.8165749965311673,0,5,0,0.1844946405363798,0.8410074557160264,0.8535981139124519,0,5,0,2.1783748076495435,0.4937409220074741,False
82,19114,2.911,0.3997455871627732,1.159149359940348,0.7495424548888098,0,5,0,0.1721363736357732,0.5321457758442146,0.7323307218923667,0,5,0,0.6270035840961333,0.227609213527,False
83,282,2.93,0.3092359776331195,1.7285289829800583,0.8587383568559451,0,5,0,0.111253737169057,0.6075352765902444,0.8134128449485315,0,5,0,1.1209937063898139,0.1979822404640625,False
84,4634,3.0,0.2260582650398924,4.772948240758612,0.9525613039000072,0,5,0,0.0694325201748472,0.8556852494405915,0.9253540892650514,0,5,0,3.91726299131802,0.1566257448650452,False
85,9293,3.109,0.5398794605772257,0.8961972186515827,0.6405967066900224,0,5,0,0.1128821207308649,0.3599867622465107,0.7053128249713173,0,5,0,0.536210456405072,0.4269973398463608,False
86,1661,3.204,0.1325059823720325,2.293811950777163,0.9575828312593117,0,5,0,0.1637396231437764,0.8800981512407158,0.818594451660247,0,5,0,1.4137137995364473,-0.031233640771743898,False
87,17862,3.205,0.3312286165463499,1.076694615911496,0.7926415272295636,0,5,0,0.1074425113917711,0.3115011047757761,0.670930875672799,0,5,0,0.76519351113572,0.22378610515457878,False
88,18118,3.401,0.5465590490593156,1.0050239443340794,0.6477410158615095,0,5,0,0.130668511743199,0.3370537638013681,0.722938717882944,0,5,0,0.6679701805327113,0.41589053731611664,False
89,11610,3.591,0.1968365462546417,0.9279652723449004,0.8203108969480077,0,5,0,0.066044539049155,0.2246414723743741,0.7753559952768392,0,5,0,0.7033237999705264,0.1307920072054867,False
90,1571,3.866,0.1445629365418952,1.7328834312154446,0.916941471898116,0,5,0,0.1217785554868403,0.6219311672403136,0.7871420698032365,0,5,0,1.110952263975131,0.022784381055054898,False
91,18148,4.473,0.5590733124985989,2.4424096004822475,0.813734301108058,0,5,0,0.1339880712756924,0.7237510417604359,0.8410059115595887,0,5,0,1.7186585587218115,0.42508524122290653,False
92,9313,4.878,0.6920404151108168,2.8803005651156908,0.7983043124673238,0,5,0,0.1244376087692425,1.0370176369356543,0.8633594363511652,0,5,0,1.8432829281800365,0.5676028063415743,False
93,6702,4.932,0.1388822405759806,0.727856793526755,0.8767929450919555,0,5,0,0.0616978978247709,0.087174838702504,0.5896482681003316,0,5,0,0.640681954824251,0.0771843427512097,False
94,9850,5.0,0.4709320766851033,12.25039401620815,0.967728501088374,0,5,0,0.2045560760740845,2.9547829382141417,0.9300287758394674,0,5,0,9.295611077994007,0.2663760006110188,False
95,10805,5.00001,0.183364101704367,1.14081413127212,0.8482444148676019,0,5,0,0.066670110866185,0.2263777494751517,0.7819629335473028,0,5,0,0.9144363817969683,0.11669399083818201,False
96,14807,5.00001,0.4189772891587277,4.625599787695429,0.916945011885911,0,5,0,0.1030755582442461,1.1458120608698468,0.8960297656905077,0,5,0,3.4797877268255824,0.3159017309144816,False
97,15672,5.00001,1.0138338824399795,14.862427955178758,0.9355893119093044,0,5,0,0.2467209853573844,4.507934853473604,0.940626004671026,0,5,0,10.354493101705152,0.7671128970825951,False
98,15698,5.00001,0.7999984438945195,10.070562614523764,0.9162776953086992,0,5,0,0.2916164071275087,4.500945926425411,0.9364008272371512,0,5,0,5.569616688098353,0.5083820367670108,False
99,17110,5.00001,0.6154043606687264,5.5407073708731485,0.8731638972619579,0,5,0,0.1787515117177675,2.332650040815909,0.90873168145758,0,5,0,3.2080573300572395,0.4366528489509589,False
