beta_requested,rep,d,m_edges,beta_formula,rank_B,numerical_nullity,rank_tolerance,R_hidden,D_hidden,H_hidden,max_abs_Ah,l2_Ah
0,0,12,11,0,11,0,6.1729880124261675e-15,0.0,0.0,0.0,0.0,0.0
0,1,12,11,0,11,0,5.869968700016099e-15,0.0,0.0,0.0,0.0,0.0
0,2,12,11,0,11,0,6.2584175579569876e-15,0.0,0.0,0.0,0.0,0.0
0,3,12,11,0,11,0,6.198537693737089e-15,0.0,0.0,0.0,0.0,0.0
0,4,12,11,0,11,0,5.283479581168802e-15,0.0,0.0,0.0,0.0,0.0
0,5,12,11,0,11,0,6.18606357680285e-15,0.0,0.0,0.0,0.0,0.0
0,6,12,11,0,11,0,5.675800661254006e-15,0.0,0.0,0.0,0.0,0.0
0,7,12,11,0,11,0,5.8988916349929645e-15,0.0,0.0,0.0,0.0,0.0
0,8,12,11,0,11,0,5.891244833988448e-15,0.0,0.0,0.0,0.0,0.0
0,9,12,11,0,11,0,5.887026274543772e-15,0.0,0.0,0.0,0.0,0.0
0,10,12,11,0,11,0,5.782271958912328e-15,0.0,0.0,0.0,0.0,0.0
0,11,12,11,0,11,0,6.107204351577158e-15,0.0,0.0,0.0,0.0,0.0
0,12,12,11,0,11,0,6.1606879854873384e-15,0.0,0.0,0.0,0.0,0.0
0,13,12,11,0,11,0,6.235637908377674e-15,0.0,0.0,0.0,0.0,0.0
0,14,12,11,0,11,0,6.1653084020071085e-15,0.0,0.0,0.0,0.0,0.0
0,15,12,11,0,11,0,5.782271958912326e-15,0.0,0.0,0.0,0.0,0.0
0,16,12,11,0,11,0,6.6516731715519975e-15,0.0,0.0,0.0,0.0,0.0
0,17,12,11,0,11,0,6.118099706806523e-15,0.0,0.0,0.0,0.0,0.0
0,18,12,11,0,11,0,5.627473783639657e-15,0.0,0.0,0.0,0.0,0.0
0,19,12,11,0,11,0,5.675600120995542e-15,0.0,0.0,0.0,0.0,0.0
0,20,12,11,0,11,0,6.159189270225529e-15,0.0,0.0,0.0,0.0,0.0
0,21,12,11,0,11,0,6.242498660937171e-15,0.0,0.0,0.0,0.0,0.0
0,22,12,11,0,11,0,5.959628957213887e-15,0.0,0.0,0.0,0.0,0.0
0,23,12,11,0,11,0,6.03844300581266e-15,0.0,0.0,0.0,0.0,0.0
0,24,12,11,0,11,0,6.654395852871002e-15,0.0,0.0,0.0,0.0,0.0
0,25,12,11,0,11,0,5.9056785414190665e-15,0.0,0.0,0.0,0.0,0.0
0,26,12,11,0,11,0,5.8140475774314716e-15,0.0,0.0,0.0,0.0,0.0
0,27,12,11,0,11,0,5.571981234674851e-15,0.0,0.0,0.0,0.0,0.0
0,28,12,11,0,11,0,6.196073712163278e-15,0.0,0.0,0.0,0.0,0.0
0,29,12,11,0,11,0,5.902745621152199e-15,0.0,0.0,0.0,0.0,0.0
0,30,12,11,0,11,0,6.1945184908669114e-15,0.0,0.0,0.0,0.0,0.0
0,31,12,11,0,11,0,5.706208866810886e-15,0.0,0.0,0.0,0.0,0.0
0,32,12,11,0,11,0,6.125232860178717e-15,0.0,0.0,0.0,0.0,0.0
0,33,12,11,0,11,0,6.102289314922284e-15,0.0,0.0,0.0,0.0,0.0
0,34,12,11,0,11,0,5.68138647898162e-15,0.0,0.0,0.0,0.0,0.0
0,35,12,11,0,11,0,5.9596289572138864e-15,0.0,0.0,0.0,0.0,0.0
0,36,12,11,0,11,0,5.914153476744555e-15,0.0,0.0,0.0,0.0,0.0
0,37,12,11,0,11,0,5.588185776064934e-15,0.0,0.0,0.0,0.0,0.0
0,38,12,11,0,11,0,5.835146273667321e-15,0.0,0.0,0.0,0.0,0.0
0,39,12,11,0,11,0,6.654395852870997e-15,0.0,0.0,0.0,0.0,0.0
0,40,12,11,0,11,0,6.432757159941436e-15,0.0,0.0,0.0,0.0,0.0
0,41,12,11,0,11,0,6.084002802009786e-15,0.0,0.0,0.0,0.0,0.0
0,42,12,11,0,11,0,5.790503172401801e-15,0.0,0.0,0.0,0.0,0.0
0,43,12,11,0,11,0,6.185127470201565e-15,0.0,0.0,0.0,0.0,0.0
0,44,12,11,0,11,0,6.0662323017367005e-15,0.0,0.0,0.0,0.0,0.0
0,45,12,11,0,11,0,5.728941830150025e-15,0.0,0.0,0.0,0.0,0.0
0,46,12,11,0,11,0,6.1891475348216855e-15,0.0,0.0,0.0,0.0,0.0
0,47,12,11,0,11,0,6.189147534821682e-15,0.0,0.0,0.0,0.0,0.0
0,48,12,11,0,11,0,5.6274737836396536e-15,0.0,0.0,0.0,0.0,0.0
0,49,12,11,0,11,0,5.731409175412909e-15,0.0,0.0,0.0,0.0,0.0
0,50,12,11,0,11,0,5.89889163499297e-15,0.0,0.0,0.0,0.0,0.0
0,51,12,11,0,11,0,6.279126240941517e-15,0.0,0.0,0.0,0.0,0.0
0,52,12,11,0,11,0,5.907812215726679e-15,0.0,0.0,0.0,0.0,0.0
0,53,12,11,0,11,0,6.1763284682579295e-15,0.0,0.0,0.0,0.0,0.0
0,54,12,11,0,11,0,5.782271958912323e-15,0.0,0.0,0.0,0.0,0.0
0,55,12,11,0,11,0,6.162667150977083e-15,0.0,0.0,0.0,0.0,0.0
0,56,12,11,0,11,0,5.7813665708550575e-15,0.0,0.0,0.0,0.0,0.0
0,57,12,11,0,11,0,6.081620857507252e-15,0.0,0.0,0.0,0.0,0.0
0,58,12,11,0,11,0,6.172546724559347e-15,0.0,0.0,0.0,0.0,0.0
0,59,12,11,0,11,0,6.214693465761408e-15,0.0,0.0,0.0,0.0,0.0
0,60,12,11,0,11,0,6.111064825794427e-15,0.0,0.0,0.0,0.0,0.0
0,61,12,11,0,11,0,5.835146273667329e-15,0.0,0.0,0.0,0.0,0.0
0,62,12,11,0,11,0,5.576381585807702e-15,0.0,0.0,0.0,0.0,0.0
0,63,12,11,0,11,0,6.172921840323242e-15,0.0,0.0,0.0,0.0,0.0
0,64,12,11,0,11,0,5.6756001209955465e-15,0.0,0.0,0.0,0.0,0.0
0,65,12,11,0,11,0,5.7822719589123245e-15,0.0,0.0,0.0,0.0,0.0
0,66,12,11,0,11,0,6.151909054779776e-15,0.0,0.0,0.0,0.0,0.0
0,67,12,11,0,11,0,5.618513165629183e-15,0.0,0.0,0.0,0.0,0.0
0,68,12,11,0,11,0,5.8135788608350545e-15,0.0,0.0,0.0,0.0,0.0
0,69,12,11,0,11,0,6.186063576802851e-15,0.0,0.0,0.0,0.0,0.0
0,70,12,11,0,11,0,6.6317501463399675e-15,0.0,0.0,0.0,0.0,0.0
0,71,12,11,0,11,0,5.711835057978254e-15,0.0,0.0,0.0,0.0,0.0
0,72,12,11,0,11,0,6.162022072983514e-15,0.0,0.0,0.0,0.0,0.0
0,73,12,11,0,11,0,5.803847505792071e-15,0.0,0.0,0.0,0.0,0.0
0,74,12,11,0,11,0,5.918612149252671e-15,0.0,0.0,0.0,0.0,0.0
0,75,12,11,0,11,0,5.7884248351439926e-15,0.0,0.0,0.0,0.0,0.0
0,76,12,11,0,11,0,6.138667327391298e-15,0.0,0.0,0.0,0.0,0.0
0,77,12,11,0,11,0,6.171283597558036e-15,0.0,0.0,0.0,0.0,0.0
0,78,12,11,0,11,0,5.914061844987507e-15,0.0,0.0,0.0,0.0,0.0
0,79,12,11,0,11,0,5.744470533731761e-15,0.0,0.0,0.0,0.0,0.0
0,80,12,11,0,11,0,6.061394137293844e-15,0.0,0.0,0.0,0.0,0.0
0,81,12,11,0,11,0,5.9519814184383756e-15,0.0,0.0,0.0,0.0,0.0
0,82,12,11,0,11,0,6.185127470201567e-15,0.0,0.0,0.0,0.0,0.0
0,83,12,11,0,11,0,5.814047577431469e-15,0.0,0.0,0.0,0.0,0.0
0,84,12,11,0,11,0,6.066443495202018e-15,0.0,0.0,0.0,0.0,0.0
0,85,12,11,0,11,0,5.5881857760649375e-15,0.0,0.0,0.0,0.0,0.0
0,86,12,11,0,11,0,6.152021657867955e-15,0.0,0.0,0.0,0.0,0.0
0,87,12,11,0,11,0,6.560477335267884e-15,0.0,0.0,0.0,0.0,0.0
0,88,12,11,0,11,0,6.120031491785204e-15,0.0,0.0,0.0,0.0,0.0
0,89,12,11,0,11,0,6.584805943664251e-15,0.0,0.0,0.0,0.0,0.0
0,90,12,11,0,11,0,5.891244833988439e-15,0.0,0.0,0.0,0.0,0.0
0,91,12,11,0,11,0,6.081620857507251e-15,0.0,0.0,0.0,0.0,0.0
0,92,12,11,0,11,0,5.833603846004074e-15,0.0,0.0,0.0,0.0,0.0
0,93,12,11,0,11,0,5.7112349822520324e-15,0.0,0.0,0.0,0.0,0.0
0,94,12,11,0,11,0,5.9007322695357186e-15,0.0,0.0,0.0,0.0,0.0
0,95,12,11,0,11,0,6.188397192790198e-15,0.0,0.0,0.0,0.0,0.0
0,96,12,11,0,11,0,5.835146273667323e-15,0.0,0.0,0.0,0.0,0.0
0,97,12,11,0,11,0,6.165308402007108e-15,0.0,0.0,0.0,0.0,0.0
0,98,12,11,0,11,0,5.711234982252026e-15,0.0,0.0,0.0,0.0,0.0
0,99,12,11,0,11,0,6.588149407730064e-15,0.0,0.0,0.0,0.0,0.0
1,0,12,12,1,11,1,5.788875550886614e-15,1.0000000000000002,5.926035240942297e-16,0.9999999999999997,3.147186453188682e-16,4.948416269741028e-16
1,1,12,12,1,11,1,6.068189346214752e-15,1.0,3.706072864399866e-16,0.9999999999999997,1.2490009027033006e-16,2.5819278955810556e-16
1,2,12,12,1,11,1,6.3673207527037925e-15,1.0,3.955169525227119e-16,0.9999999999999996,1.942890293094024e-16,2.7814838660397943e-16
1,3,12,12,1,11,1,6.632277222121633e-15,1.0000000000000002,9.952152008205484e-16,0.9999999999999992,3.5254315917031956e-16,6.920510562239167e-16
1,4,12,12,1,11,1,6.121674795058335e-15,0.9999999999999998,3.574462603519096e-16,0.9999999999999994,1.3877787807814457e-16,2.551400245361135e-16
1,5,12,12,1,11,1,6.129141438152057e-15,1.0,2.4780741986961426e-16,0.9999999999999998,8.012344526598184e-17,1.7407267962461114e-16
1,6,12,12,1,11,1,6.090394823021508e-15,1.0,1.755540157688527e-15,0.9999999999999982,9.575673587391957e-16,1.384050532201288e-15
1,7,12,12,1,11,1,6.452867919464969e-15,1.0,2.362437477365628e-16,0.9999999999999998,1.2490009027033006e-16,1.8818147163284814e-16
1,8,12,12,1,11,1,6.7870238644218995e-15,1.0,3.191891195797325e-16,0.9999999999999997,1.942890293094024e-16,2.6567900267388875e-16
1,9,12,12,1,11,1,5.855096168764477e-15,1.0,1.7991348081796416e-15,0.9999999999999982,8.881784197001252e-16,1.3430180901921827e-15
1,10,12,12,1,11,1,5.8345286917438465e-15,0.9999999999999999,5.424917642623767e-15,0.9999999999999944,1.9830366464711855e-15,3.666005362500211e-15
1,11,12,12,1,11,1,6.2092676739376186e-15,1.0,1.602492790957059e-16,0.9999999999999999,8.326672684688674e-17,1.3030097717087442e-16
1,12,12,12,1,11,1,7.118606792630284e-15,1.0000000000000002,2.5531228180147637e-16,1.0,6.565566791455524e-17,1.5947753967819216e-16
1,13,12,12,1,11,1,5.984084640976297e-15,1.0,1.0384172474320772e-16,0.9999999999999999,4.361718056291991e-17,8.484464475740052e-17
1,14,12,12,1,11,1,6.079427279789978e-15,1.0,3.249193497561603e-16,0.9999999999999997,1.38406911868928e-16,2.2889527187460734e-16
1,15,12,12,1,11,1,5.708273032771206e-15,0.9999999999999998,9.481744544572552e-16,0.9999999999999988,6.890616292874431e-16,8.710849278677173e-16
1,16,12,12,1,11,1,5.8639720488526974e-15,0.9999999999999999,3.3630177507125577e-16,0.9999999999999996,2.220446049250313e-16,3.021737695062538e-16
1,17,12,12,1,11,1,5.740318378294381e-15,1.0000000000000002,2.2688748714952555e-16,1.0,1.1102230246251565e-16,1.8350806269126145e-16
1,18,12,12,1,11,1,6.214463106874008e-15,1.0,2.7308396746135348e-16,0.9999999999999998,1.1102230246251565e-16,2.0767411873988437e-16
1,19,12,12,1,11,1,6.266387877396178e-15,1.0,4.065221077136331e-16,0.9999999999999996,2.935355661608333e-16,3.7702216673747503e-16
1,20,12,12,1,11,1,5.7444705337317625e-15,1.0,4.283541249309093e-16,0.9999999999999996,2.220446049250313e-16,3.186459728798501e-16
1,21,12,12,1,11,1,6.188521978880994e-15,1.0,2.5785031630051144e-16,0.9999999999999998,8.024310451977235e-17,1.6736425903245985e-16
1,22,12,12,1,11,1,6.690273827289894e-15,1.0000000000000002,1.6453852169639962e-15,0.9999999999999986,1.4172690798730467e-15,1.9630832679514345e-15
1,23,12,12,1,11,1,6.300026784378778e-15,1.0,2.5690344055512326e-16,0.9999999999999998,1.026848879677573e-16,1.8729032573163644e-16
1,24,12,12,1,11,1,6.790350517723887e-15,1.0000000000000002,3.3186072711387354e-16,0.9999999999999999,1.6653345369377348e-16,2.356925130498503e-16
1,25,12,12,1,11,1,6.073387629415216e-15,1.0,3.049948972950249e-15,0.999999999999997,1.7386787622717905e-15,2.8249098573682808e-15
1,26,12,12,1,11,1,6.177601232255282e-15,1.0,2.4257482446272743e-16,0.9999999999999998,1.1102230246251564e-16,1.707362951663764e-16
1,27,12,12,1,11,1,5.932225081580872e-15,1.0,2.923006213210414e-16,0.9999999999999997,1.1947195612502497e-16,2.197915469143253e-16
1,28,12,12,1,11,1,6.080495226399524e-15,0.9999999999999998,2.418312058034604e-16,0.9999999999999996,1.1102230246251565e-16,1.6434309917318072e-16
1,29,12,12,1,11,1,5.980190606677727e-15,1.0,1.8041124150158794e-16,0.9999999999999998,1.3877787807814457e-16,1.6821199545302999e-16
1,30,12,12,1,11,1,6.191421520676759e-15,1.0,3.0400571742372604e-16,0.9999999999999997,1.0887664120510254e-16,2.136439338092945e-16
1,31,12,12,1,11,1,6.365939428992255e-15,1.0000000000000002,1.0598479156458487e-15,0.9999999999999991,5.551115123125776e-16,8.773392656321873e-16
1,32,12,12,1,11,1,5.8698352221189546e-15,1.0,1.2146155555214966e-15,0.9999999999999988,7.367415476947042e-16,1.154976156492578e-15
1,33,12,12,1,11,1,6.194396477606545e-15,0.9999999999999998,3.6607869991356566e-16,0.9999999999999994,1.6653345369377348e-16,2.7421409203129225e-16
1,34,12,12,1,11,1,6.4385995681207505e-15,1.0000000000000002,1.7461338521797846e-16,1.0,8.326672684688674e-17,1.3774904759569225e-16
1,35,12,12,1,11,1,6.236052458948504e-15,1.0,1.490022528866148e-16,0.9999999999999999,5.551115123125783e-17,1.071942768832051e-16
1,36,12,12,1,11,1,6.191354114419377e-15,1.0,3.2771640334856075e-16,0.9999999999999997,1.563469676461996e-16,2.394025452587558e-16
1,37,12,12,1,11,1,6.1732224373103836e-15,1.0,2.743316377306649e-16,0.9999999999999998,1.1217282337237452e-16,2.0302187790912908e-16
1,38,12,12,1,11,1,6.1969290247618694e-15,1.0,5.305305716313679e-16,0.9999999999999994,2.498001805406602e-16,4.0575792901702955e-16
1,39,12,12,1,11,1,6.783915907330955e-15,0.9999999999999998,4.760196825690593e-16,0.9999999999999993,2.4980018054066e-16,3.597876415456432e-16
1,40,12,12,1,11,1,5.8550961687644694e-15,0.9999999999999999,1.3935021820231813e-16,0.9999999999999998,1.1102230246251565e-16,1.3555131074680467e-16
1,41,12,12,1,11,1,6.286319784594356e-15,1.0,9.43689570931381e-16,0.9999999999999991,4.544975507059224e-16,7.120231623589452e-16
1,42,12,12,1,11,1,6.199080968536988e-15,1.0000000000000002,2.5012321686925613e-16,1.0,1.021886296295975e-16,1.8130700270059932e-16
1,43,12,12,1,11,1,6.125045311989142e-15,1.0,1.4598171125312992e-16,0.9999999999999999,7.18960666146225e-17,1.116481642570007e-16
1,44,12,12,1,11,1,6.1968673708015006e-15,1.0000000000000002,5.064764524843908e-16,0.9999999999999997,2.220446049250313e-16,3.994380098463636e-16
1,45,12,12,1,11,1,6.653921618408109e-15,1.0000000000000002,4.691499034377227e-16,0.9999999999999998,2.9016251881296925e-16,3.817706072554539e-16
1,46,12,12,1,11,1,6.2009653714470544e-15,1.0,4.0171417971485534e-16,0.9999999999999996,1.6653345369377348e-16,2.7443727765070746e-16
1,47,12,12,1,11,1,6.275480220962079e-15,1.0,1.8735013540549517e-16,0.9999999999999998,1.1102230246251565e-16,1.6206439959652127e-16
1,48,12,12,1,11,1,5.6374580533990504e-15,1.0000000000000002,6.867677673842046e-17,1.0000000000000002,4.163336342344337e-17,5.887846720064156e-17
1,49,12,12,1,11,1,6.039919190285196e-15,1.0,5.848702783628147e-16,0.9999999999999994,2.7755575615628914e-16,4.584575787089621e-16
1,50,12,12,1,11,1,6.6325835659935454e-15,0.9999999999999999,2.2394205598761665e-16,0.9999999999999997,8.068235998053632e-17,1.5466717556393866e-16
1,51,12,12,1,11,1,6.333320667360285e-15,0.9999999999999999,2.8006505261281247e-16,0.9999999999999996,1.3877787807814457e-16,2.2413442218421035e-16
1,52,12,12,1,11,1,6.7345216441490085e-15,1.0,2.2204460492503126e-16,0.9999999999999998,8.326672684688674e-17,1.5853512473345904e-16
1,53,12,12,1,11,1,6.193976830359202e-15,0.9999999999999998,2.017216071419182e-16,0.9999999999999996,1.1102230246251565e-16,1.59692468954857e-16
1,54,12,12,1,11,1,6.1553430844473514e-15,1.0,3.2574212196084074e-16,0.9999999999999997,1.1047887138522954e-16,2.1562736083518826e-16
1,55,12,12,1,11,1,6.583230307271586e-15,0.9999999999999999,2.0376034861340917e-16,0.9999999999999997,8.01234452659818e-17,1.4858930221753826e-16
1,56,12,12,1,11,1,6.2200218344329125e-15,0.9999999999999999,2.470732011868843e-16,0.9999999999999997,1.0121027233153818e-16,1.6967908558945124e-16
1,57,12,12,1,11,1,6.1660739185898075e-15,0.9999999999999998,2.2367162206437346e-15,0.9999999999999976,1.690604695112211e-15,2.1635423648831326e-15
1,58,12,12,1,11,1,5.8756728069692695e-15,0.9999999999999998,1.1585281023816993e-15,0.9999999999999987,6.938893903907228e-16,1.0072721058179083e-15
1,59,12,12,1,11,1,6.162562074764543e-15,1.0,2.823917381648768e-16,0.9999999999999997,1.6653345369377348e-16,2.2817604204488313e-16
1,60,12,12,1,11,1,5.928787677453644e-15,0.9999999999999999,1.932944947419404e-15,0.999999999999998,1.1959308522116957e-15,1.484516985056146e-15
1,61,12,12,1,11,1,6.1168142328548775e-15,1.0,4.404557261835969e-16,0.9999999999999996,2.832791573980245e-16,3.7972089114215317e-16
1,62,12,12,1,11,1,6.197380654626215e-15,1.0,4.935790346574252e-16,0.9999999999999996,2.220446049250313e-16,3.4525166633630585e-16
1,63,12,12,1,11,1,6.0466981428259e-15,0.9999999999999999,2.42861286636753e-16,0.9999999999999997,1.1102230246251565e-16,1.8174074542116604e-16
1,64,12,12,1,11,1,5.9876797458866705e-15,0.9999999999999999,7.281394808093997e-16,0.9999999999999991,3.12250225675825e-16,5.548523280519853e-16
1,65,12,12,1,11,1,7.085991152073583e-15,1.0,4.0575326858186006e-16,0.9999999999999996,1.6538293278391462e-16,2.742247355989846e-16
1,66,12,12,1,11,1,5.791219106535231e-15,1.0,2.6436970278208626e-16,0.9999999999999998,1.3877787807814457e-16,2.17387756033986e-16
1,67,12,12,1,11,1,5.8341552816049014e-15,0.9999999999999999,9.442917408855604e-16,0.9999999999999989,3.608224830031759e-16,7.045422695174725e-16
1,68,12,12,1,11,1,5.841900054033731e-15,1.0,3.843516411960861e-16,0.9999999999999997,2.7755575615628914e-16,3.334977693893434e-16
1,69,12,12,1,11,1,6.6361424733978276e-15,0.9999999999999998,3.6282567343778326e-16,0.9999999999999994,1.1102230246251565e-16,2.445078226908506e-16
1,70,12,12,1,11,1,5.831195219807982e-15,1.0,2.419030549897805e-16,0.9999999999999998,8.326672684688674e-17,1.624434080652306e-16
1,71,12,12,1,11,1,5.818708806761235e-15,1.0,2.090225894337772e-16,0.9999999999999998,1.2947959992959405e-16,1.8322930086903912e-16
1,72,12,12,1,11,1,6.111200133741074e-15,1.0,2.9359039543929325e-16,0.9999999999999997,1.4170811216130075e-16,2.225070753988663e-16
1,73,12,12,1,11,1,6.173381932581616e-15,0.9999999999999998,2.161641925445032e-16,0.9999999999999996,8.326672684688674e-17,1.5818934101643885e-16
1,74,12,12,1,11,1,6.4243688425651525e-15,1.0,3.175005623704745e-16,0.9999999999999997,1.3877787807814457e-16,2.2066746325438666e-16
1,75,12,12,1,11,1,6.744364730791781e-15,1.0000000000000002,1.783318550588375e-16,1.0,6.694860078420685e-17,1.261592039475629e-16
1,76,12,12,1,11,1,6.422657795332225e-15,1.0000000000000002,7.124607009558127e-16,0.9999999999999996,3.885780586188048e-16,5.363284484115511e-16
1,77,12,12,1,11,1,6.592200914755908e-15,1.0,2.318550725818877e-15,0.9999999999999977,1.0230300875622385e-15,1.7343966784766535e-15
1,78,12,12,1,11,1,6.0227415119731e-15,1.0,3.4520063954288287e-16,0.9999999999999997,1.782309849645722e-16,2.7158701969756127e-16
1,79,12,12,1,11,1,5.901415284710179e-15,0.9999999999999999,3.810706189366277e-16,0.9999999999999996,1.3877787807814457e-16,2.669651635626225e-16
1,80,12,12,1,11,1,5.834757906439502e-15,0.9999999999999998,3.8890718123787714e-16,0.9999999999999993,1.6653345369377348e-16,2.874649493343895e-16
1,81,12,12,1,11,1,6.2968729214379944e-15,0.9999999999999999,4.2892809014538366e-16,0.9999999999999994,3.885780586188048e-16,4.855685722545984e-16
1,82,12,12,1,11,1,5.914066084349986e-15,0.9999999999999999,5.060709155068896e-16,0.9999999999999993,1.942890293094024e-16,3.8024991085409633e-16
1,83,12,12,1,11,1,5.879864250782359e-15,0.9999999999999999,5.273559366969493e-16,0.9999999999999993,2.1608400900456023e-16,3.510677758591968e-16
1,84,12,12,1,11,1,6.267931169760571e-15,1.0,3.2174067861973866e-16,0.9999999999999997,1.3877787807814457e-16,2.165321582683097e-16
1,85,12,12,1,11,1,7.181790671738416e-15,1.0,3.2915206933566336e-16,0.9999999999999997,1.942890293094024e-16,2.5354871475916676e-16
1,86,12,12,1,11,1,6.202103176122016e-15,1.0000000000000002,9.383409473030443e-17,1.0000000000000002,5.551115123125783e-17,8.203581550689934e-17
1,87,12,12,1,11,1,6.170812181904175e-15,1.0,1.3563626898267354e-16,0.9999999999999999,8.326672684688674e-17,1.1565685818942042e-16
1,88,12,12,1,11,1,6.399757861271196e-15,1.0,2.133426836812229e-16,0.9999999999999998,8.326672684688674e-17,1.475341038078743e-16
1,89,12,12,1,11,1,6.32138191867135e-15,1.0,3.0184188481996443e-16,0.9999999999999997,1.1102230246251564e-16,2.080511367431169e-16
1,90,12,12,1,11,1,6.202275228891809e-15,1.0,6.508281661882147e-16,0.9999999999999993,4.1664191538310473e-16,5.349918440857709e-16
1,91,12,12,1,11,1,5.8456146161751415e-15,1.0,3.5493038211198147e-16,0.9999999999999997,9.71445146547012e-17,2.213696723237351e-16
1,92,12,12,1,11,1,6.451063729548411e-15,0.9999999999999999,2.2351438544990533e-16,0.9999999999999997,9.816712925846892e-17,1.5705506780064932e-16
1,93,12,12,1,11,1,5.648197976874073e-15,1.0,5.25310845739346e-16,0.9999999999999994,2.047746107480245e-16,3.6473306250866534e-16
1,94,12,12,1,11,1,5.83740468507641e-15,1.0,1.028596806873535e-15,0.999999999999999,4.906538933386792e-16,7.570400532800394e-16
1,95,12,12,1,11,1,6.108486443895026e-15,1.0000000000000002,3.5554245889806797e-16,0.9999999999999999,1.580655873985291e-16,2.7308867788250274e-16
1,96,12,12,1,11,1,6.634544201237766e-15,1.0,1.4586832978507092e-16,0.9999999999999999,7.797632568219454e-17,1.1353828858689254e-16
1,97,12,12,1,11,1,5.826956102016813e-15,1.0,5.162519901994894e-16,0.9999999999999994,2.7755575615628914e-16,4.044445778673905e-16
1,98,12,12,1,11,1,5.731409175412906e-15,1.0,2.7363575014902654e-16,0.9999999999999998,1.3877787807814457e-16,2.023915097915852e-16
1,99,12,12,1,11,1,6.261192344357289e-15,1.0,2.1624562165554912e-15,0.9999999999999979,1.0615135016450916e-15,1.7224724806318349e-15
2,0,12,13,2,11,2,6.778724221006519e-15,1.0,3.7840271839827286e-16,0.9999999999999997,3.0168496457265107e-16,3.7334715104347194e-16
2,1,12,13,2,11,2,6.6610804383706485e-15,1.0000000000000002,1.3738888461035372e-16,1.0,5.706204799183043e-17,9.596590825364264e-17
2,2,12,13,2,11,2,6.724436154989292e-15,1.0,3.57303381709696e-16,0.9999999999999997,1.6653345369377348e-16,2.596211879690885e-16
2,3,12,13,2,11,2,6.5636260270411354e-15,1.0,1.957646917298766e-16,0.9999999999999998,7.112366251504909e-17,1.470535573712481e-16
2,4,12,13,2,11,2,6.6743366176580385e-15,1.0,2.3816546402468665e-16,0.9999999999999998,9.71445146547012e-17,1.7223542540389126e-16
2,5,12,13,2,11,2,6.901738167312419e-15,1.0,2.889991104028077e-16,0.9999999999999997,1.3877787807814457e-16,2.057140092426961e-16
2,6,12,13,2,11,2,6.854873819812124e-15,1.0,2.2551846233764005e-16,0.9999999999999998,9.71445146547012e-17,1.6724161181005918e-16
2,7,12,13,2,11,2,6.20986453138427e-15,1.0,2.3825136917153933e-15,0.9999999999999977,1.0432699684487252e-15,1.7480567195264403e-15
2,8,12,13,2,11,2,6.731503327434093e-15,1.0,1.9588767542080167e-16,0.9999999999999998,9.71445146547012e-17,1.420726010001484e-16
2,9,12,13,2,11,2,7.245059091710546e-15,0.9999999999999999,1.5690897820650723e-16,0.9999999999999998,8.326672684688674e-17,1.3268215423990274e-16
2,10,12,13,2,11,2,7.326207015630018e-15,0.9999999999999998,1.7146443179139053e-16,0.9999999999999996,6.384949390004338e-17,1.1444806995438525e-16
2,11,12,13,2,11,2,6.54198563787224e-15,1.0000000000000002,2.035703941971253e-15,0.9999999999999982,1.1240137825918254e-15,1.6596441524989943e-15
2,12,12,13,2,11,2,6.804160344962013e-15,1.0,1.5189352744234287e-16,0.9999999999999999,6.90825600476997e-17,1.2001607306362755e-16
2,13,12,13,2,11,2,7.043017915969091e-15,0.9999999999999999,1.3719458622026125e-15,0.9999999999999986,5.111598761243962e-16,9.979782906911376e-16
2,14,12,13,2,11,2,6.8550554736924755e-15,1.0,3.41871614256267e-16,0.9999999999999997,1.5126438054329015e-16,2.587447157358337e-16
2,15,12,13,2,11,2,7.0095513203064135e-15,0.9999999999999999,1.7426863801707168e-15,0.9999999999999981,6.621545662976365e-16,1.2261853696281372e-15
2,16,12,13,2,11,2,6.57172908858225e-15,1.0,1.655572069835613e-16,0.9999999999999999,8.326672684688674e-17,1.3037298675364178e-16
2,17,12,13,2,11,2,6.9919656126611275e-15,1.0,3.2545002159018265e-16,0.9999999999999997,1.1102230246251565e-16,2.2876904061720955e-16
2,18,12,13,2,11,2,6.8401909661630865e-15,0.9999999999999998,2.592113718985154e-16,0.9999999999999996,1.1102230246251565e-16,1.7822939909202709e-16
2,19,12,13,2,11,2,6.843545605545844e-15,1.0,3.0748454045482766e-16,0.9999999999999997,1.1335917618674273e-16,2.0703235393160885e-16
2,20,12,13,2,11,2,7.066946520151082e-15,1.0,3.1141176246129868e-16,0.9999999999999997,1.5265566588595902e-16,2.256593147341961e-16
2,21,12,13,2,11,2,6.648794146102675e-15,1.0,2.1709646941982647e-16,0.9999999999999998,9.71445146547012e-17,1.6182918970220792e-16
2,22,12,13,2,11,2,6.47843354511624e-15,0.9999999999999999,2.526537100130675e-16,0.9999999999999997,8.326672684688674e-17,1.6633429521033605e-16
2,23,12,13,2,11,2,7.369366346797272e-15,0.9999999999999998,1.9999609548558223e-16,0.9999999999999996,6.257528304449376e-17,1.3784548664457579e-16
2,24,12,13,2,11,2,7.257638701735902e-15,1.0,2.014948432697119e-16,0.9999999999999998,5.827570562865565e-17,1.2670603902261467e-16
2,25,12,13,2,11,2,7.219303412336256e-15,0.9999999999999999,2.178375222865419e-16,0.9999999999999997,8.731156792616178e-17,1.4659456407004489e-16
2,26,12,13,2,11,2,6.576822847093885e-15,1.0000000000000002,2.9408656326466047e-16,0.9999999999999999,1.1102230246251565e-16,2.0201449914809437e-16
2,27,12,13,2,11,2,6.634766758405622e-15,0.9999999999999998,2.571767240640915e-16,0.9999999999999996,1.1102230246251565e-16,1.8115123517489075e-16
2,28,12,13,2,11,2,6.395347633664345e-15,0.9999999999999999,1.5869558952516263e-16,0.9999999999999998,8.326672684688674e-17,1.2644093284793937e-16
2,29,12,13,2,11,2,6.821645277629978e-15,1.0000000000000002,2.160051610544061e-16,1.0,9.71445146547012e-17,1.589568221808407e-16
2,30,12,13,2,11,2,6.490371889585264e-15,0.9999999999999999,9.866191897917372e-16,0.9999999999999989,3.7470027081099033e-16,7.180348892957103e-16
2,31,12,13,2,11,2,6.8520761333141465e-15,1.0000000000000002,5.054377094736369e-16,0.9999999999999997,1.6653345369377348e-16,3.4356237076858114e-16
2,32,12,13,2,11,2,7.33030942026028e-15,1.0,1.6766889382255324e-16,0.9999999999999998,5.830020390209761e-17,1.1399094733149545e-16
2,33,12,13,2,11,2,6.679175997143454e-15,1.0,2.1615679923150108e-16,0.9999999999999998,9.703390662329718e-17,1.630931160975781e-16
2,34,12,13,2,11,2,6.7520097677591545e-15,1.0,4.20235859568486e-16,0.9999999999999996,1.5596987164239982e-16,2.9443519980820157e-16
2,35,12,13,2,11,2,6.71675708094686e-15,1.0000000000000002,2.1125121716243003e-16,1.0,8.326672684688674e-17,1.5037038100831984e-16
2,36,12,13,2,11,2,6.765943422737795e-15,0.9999999999999999,1.3490087271092915e-16,0.9999999999999998,6.938893903907228e-17,1.0532693150501071e-16
2,37,12,13,2,11,2,6.4784335451162355e-15,1.0,1.5183000568775173e-16,0.9999999999999999,6.938893903907228e-17,1.2256629684709364e-16
2,38,12,13,2,11,2,6.397685514261644e-15,1.0,1.1202430415245263e-16,0.9999999999999999,5.551115123125783e-17,9.045049698156667e-17
2,39,12,13,2,11,2,7.186684309239375e-15,1.0,1.6719213149411475e-16,0.9999999999999998,6.781782131643795e-17,1.121948674259874e-16
2,40,12,13,2,11,2,7.230251493187273e-15,0.9999999999999998,2.0507840403263098e-16,0.9999999999999996,8.326672684688674e-17,1.4255577247576194e-16
2,41,12,13,2,11,2,6.732452904201186e-15,1.0,2.1095268804823737e-16,0.9999999999999998,8.804512836518241e-17,1.5325529366815313e-16
2,42,12,13,2,11,2,7.31098260909166e-15,1.0,1.5572512479505468e-16,0.9999999999999999,6.581247473838093e-17,1.1229490589396407e-16
2,43,12,13,2,11,2,6.648794146102674e-15,1.0,6.922592265837447e-16,0.9999999999999993,3.370495836633954e-16,5.663227981248721e-16
2,44,12,13,2,11,2,7.18933984771161e-15,1.0,4.196357642591665e-16,0.9999999999999996,1.3548376063939212e-16,2.6626833279072866e-16
2,45,12,13,2,11,2,6.833047680949786e-15,0.9999999999999999,1.6500430700905013e-16,0.9999999999999998,8.326672684688674e-17,1.2779051006653015e-16
2,46,12,13,2,11,2,6.8983577827893624e-15,1.0,9.30465310391197e-16,0.9999999999999991,3.7470027081099033e-16,6.555830491588012e-16
2,47,12,13,2,11,2,6.178729085834368e-15,1.0,3.7363595202091075e-16,0.9999999999999997,1.3877787807814457e-16,2.6319013642785024e-16
2,48,12,13,2,11,2,7.734970743390535e-15,1.0,1.9000952706083977e-16,0.9999999999999998,1.1102230246251565e-16,1.5610176807950586e-16
2,49,12,13,2,11,2,6.940078334199847e-15,1.0,2.252721383849961e-16,0.9999999999999998,8.326672684688674e-17,1.5974777325704027e-16
2,50,12,13,2,11,2,6.457557970921947e-15,1.0000000000000002,3.077486024750514e-16,0.9999999999999999,1.1102230246251565e-16,2.1865162349539006e-16
2,51,12,13,2,11,2,7.269531856683925e-15,0.9999999999999998,2.399082438644811e-16,0.9999999999999996,9.446628321002947e-17,1.6489996212831163e-16
2,52,12,13,2,11,2,7.160171354989842e-15,1.0,2.807701320636681e-16,0.9999999999999997,1.0086524829561089e-16,1.9755107788104972e-16
2,53,12,13,2,11,2,7.290668592910648e-15,1.0000000000000002,2.0465390164446373e-16,1.0,1.1102230246251565e-16,1.5735531701639726e-16
2,54,12,13,2,11,2,6.931466115478054e-15,1.0,3.271542960980766e-16,0.9999999999999997,1.0145910838881633e-16,2.1503020177877268e-16
2,55,12,13,2,11,2,7.163370085430408e-15,1.0,1.1102230246251565e-15,0.9999999999999989,5.021426032804984e-16,7.995799659574541e-16
2,56,12,13,2,11,2,6.2291948744046834e-15,1.0,2.080302293523504e-16,0.9999999999999998,9.71445146547012e-17,1.5965239007181258e-16
2,57,12,13,2,11,2,7.720495971871831e-15,1.0,2.426229966013636e-16,0.9999999999999998,1.1102230246251565e-16,1.7986988951876785e-16
2,58,12,13,2,11,2,6.813038245060838e-15,1.0,4.516251432862607e-16,0.9999999999999996,2.0774316633539587e-16,3.3231197770163123e-16
2,59,12,13,2,11,2,6.520948180314726e-15,1.0,2.3126525744947817e-16,0.9999999999999998,9.71445146547012e-17,1.7022986553824853e-16
2,60,12,13,2,11,2,6.3195714858627196e-15,1.0,1.5701706689038338e-16,0.9999999999999999,5.551115123125783e-17,1.0274966542450238e-16
2,61,12,13,2,11,2,7.346124814186389e-15,1.0000000000000002,3.0099535495577656e-16,0.9999999999999999,1.3183898417423734e-16,2.388548088489399e-16
2,62,12,13,2,11,2,6.978308200076464e-15,0.9999999999999999,3.2111924270651823e-16,0.9999999999999996,1.4060443440272427e-16,2.4957515591462283e-16
2,63,12,13,2,11,2,7.157774359851479e-15,1.0,2.524213871729801e-16,0.9999999999999998,9.351526479685264e-17,1.7650497768800261e-16
2,64,12,13,2,11,2,6.7721821310651026e-15,1.0,1.5558789438971803e-15,0.9999999999999984,8.049116928532385e-16,1.1921465188661453e-15
2,65,12,13,2,11,2,6.503839528560907e-15,1.0,9.285074329363827e-16,0.9999999999999991,4.826010260068145e-16,7.104317694507573e-16
2,66,12,13,2,11,2,6.778958772631189e-15,1.0,2.734034003634423e-16,0.9999999999999998,1.249000902703301e-16,2.0203769167029897e-16
2,67,12,13,2,11,2,6.977096943179592e-15,0.9999999999999998,1.8484621963730155e-16,0.9999999999999996,6.944968808734482e-17,1.3156498781794386e-16
2,68,12,13,2,11,2,6.840708912972144e-15,1.0,3.5403755685207316e-16,0.9999999999999997,1.440863550794693e-16,2.478421613906839e-16
2,69,12,13,2,11,2,6.661634072146386e-15,0.9999999999999999,2.9620593208322627e-16,0.9999999999999996,8.326672684688674e-17,1.9423071475532355e-16
2,70,12,13,2,11,2,7.3192201844869e-15,0.9999999999999998,3.5712916087714134e-16,0.9999999999999994,1.2729552458470327e-16,2.750955524205469e-16
2,71,12,13,2,11,2,6.953869969570536e-15,1.0,1.1146446637507612e-16,0.9999999999999999,5.995570569817724e-17,8.56474999563484e-17
2,72,12,13,2,11,2,6.628793344309394e-15,1.0,1.7206167255760408e-16,0.9999999999999998,6.157313793986563e-17,1.2539697796709963e-16
2,73,12,13,2,11,2,6.963017186149894e-15,1.0,1.9768987835541906e-16,0.9999999999999998,6.812992343241458e-17,1.3397591662418412e-16
2,74,12,13,2,11,2,6.502378059394415e-15,1.0,2.1360330976080762e-16,0.9999999999999998,1.6653345369377348e-16,1.8965389895615876e-16
2,75,12,13,2,11,2,7.167616250225013e-15,1.0,4.4239065808103753e-16,0.9999999999999996,2.0373925442640686e-16,3.415145973640321e-16
2,76,12,13,2,11,2,7.000009325424241e-15,0.9999999999999999,2.230164714159465e-16,0.9999999999999997,1.1588019837920543e-16,1.8592881976339452e-16
2,77,12,13,2,11,2,6.812294456353887e-15,1.0,1.0116086538620095e-15,0.999999999999999,4.672307864910094e-16,7.721649918639837e-16
2,78,12,13,2,11,2,6.796292893292466e-15,1.0,2.6390822037623287e-16,0.9999999999999998,1.3877787807814457e-16,2.1752275888981315e-16
2,79,12,13,2,11,2,7.0379282324193645e-15,1.0,2.1490102903521887e-15,0.9999999999999979,7.609018781100877e-16,1.4867196824154468e-15
2,80,12,13,2,11,2,7.162752037558032e-15,1.0,1.439563308745184e-16,0.9999999999999999,6.974535854851176e-17,1.1826096022309223e-16
2,81,12,13,2,11,2,6.6540260389373875e-15,1.0000000000000002,2.536646989806855e-16,1.0,1.3503029256976241e-16,2.0969895387391324e-16
2,82,12,13,2,11,2,6.403594567567644e-15,1.0000000000000002,2.845198126203792e-16,0.9999999999999999,1.249000902703301e-16,2.1496854523711688e-16
2,83,12,13,2,11,2,6.918660502113946e-15,1.0,1.3392302670392066e-16,0.9999999999999999,6.938893903907228e-17,9.810325444914938e-17
2,84,12,13,2,11,2,6.616551733765994e-15,1.0,3.492687860722691e-16,0.9999999999999997,1.927022447328283e-16,2.686054155347521e-16
2,85,12,13,2,11,2,7.0285700336580235e-15,1.0000000000000002,1.3851614320215312e-15,0.9999999999999989,8.025564919708487e-16,1.1990010827508053e-15
2,86,12,13,2,11,2,7.188876100620746e-15,0.9999999999999999,8.654533384142703e-17,0.9999999999999998,5.551115123125783e-17,7.512342760006644e-17
2,87,12,13,2,11,2,7.019537984110111e-15,0.9999999999999999,3.9147753757695545e-16,0.9999999999999994,1.8640979345796684e-16,2.815403316912512e-16
2,88,12,13,2,11,2,6.7475683439803385e-15,1.0,2.7173101015176594e-16,0.9999999999999998,9.610904448587598e-17,1.7478709557155835e-16
2,89,12,13,2,11,2,7.210646001166712e-15,1.0,1.714670565564772e-16,0.9999999999999998,8.326672684688674e-17,1.259229131733947e-16
2,90,12,13,2,11,2,6.8837905739863316e-15,0.9999999999999999,4.548407267442366e-16,0.9999999999999994,2.1163626406917047e-16,3.7345977453407153e-16
2,91,12,13,2,11,2,6.837587343308331e-15,1.0,2.185217881538329e-15,0.9999999999999978,8.752682403659432e-16,1.5697073007929067e-15
2,92,12,13,2,11,2,6.588887776023039e-15,1.0,1.6031188605262381e-16,0.9999999999999999,8.326672684688674e-17,1.256146659097346e-16
2,93,12,13,2,11,2,6.6589301349437e-15,0.9999999999999998,1.7654517991645496e-16,0.9999999999999996,9.367506770274758e-17,1.3949241326399493e-16
2,94,12,13,2,11,2,6.7980938386399234e-15,0.9999999999999999,4.3595975900838935e-16,0.9999999999999994,1.736329703270056e-16,3.183964305863829e-16
2,95,12,13,2,11,2,7.193817217766177e-15,1.0000000000000002,4.251471471384683e-16,0.9999999999999998,1.805765888038666e-16,3.145527152630755e-16
2,96,12,13,2,11,2,6.516683566846376e-15,0.9999999999999998,2.3886441968030603e-16,0.9999999999999996,8.326672684688674e-17,1.6529447209210577e-16
2,97,12,13,2,11,2,7.032026820877528e-15,1.0,3.2738518589989713e-16,0.9999999999999997,1.6037275244781885e-16,2.381062982095782e-16
2,98,12,13,2,11,2,6.784649394811508e-15,0.9999999999999998,1.9112760489614395e-16,0.9999999999999996,5.551115123125783e-17,1.297954736908663e-16
2,99,12,13,2,11,2,7.270025515322622e-15,0.9999999999999998,2.364558800734395e-16,0.9999999999999996,8.326672684688674e-17,1.691480047902144e-16
4,0,12,15,4,11,4,7.934687248594543e-15,1.0000000000000002,1.8418528268778038e-16,1.0,1.1102230246251565e-16,1.5571084438623372e-16
4,1,12,15,4,11,4,8.671658320858818e-15,1.0,2.269984352978637e-16,0.9999999999999998,9.020562075079397e-17,1.6321980886748678e-16
4,2,12,15,4,11,4,8.160790039353162e-15,1.0,1.4398279126696346e-16,0.9999999999999999,8.326672684688674e-17,1.168984934178298e-16
4,3,12,15,4,11,4,7.830182476274762e-15,1.0,2.884523228837379e-16,0.9999999999999997,8.351464108808709e-17,1.8409646965451414e-16
4,4,12,15,4,11,4,8.502858875105503e-15,1.0,2.401280662847288e-16,0.9999999999999998,1.1102230246251565e-16,1.722829626263161e-16
4,5,12,15,4,11,4,8.992018080401976e-15,1.0,1.8693793283754292e-16,0.9999999999999998,6.245004513516506e-17,1.3295558916582424e-16
4,6,12,15,4,11,4,7.703984414914064e-15,1.0,1.2429624041969264e-16,0.9999999999999999,4.648364336093118e-17,8.713994758806377e-17
4,7,12,15,4,11,4,7.858745975679646e-15,1.0000000000000002,2.67372548142964e-16,1.0,9.709571371703047e-17,1.8452841775044571e-16
4,8,12,15,4,11,4,8.470630630413959e-15,1.0000000000000002,1.5348691212926764e-16,1.0,6.938893903907228e-17,1.2555625168980179e-16
4,9,12,15,4,11,4,8.380109965807651e-15,1.0000000000000002,1.365159047066356e-16,1.0,5.551115123125783e-17,1.0481797592475886e-16
4,10,12,15,4,11,4,8.320822579446144e-15,0.9999999999999999,2.1669844742092008e-16,0.9999999999999997,1.1102230246251565e-16,1.5927497396388693e-16
4,11,12,15,4,11,4,7.882805311096124e-15,1.0,1.8912605890762333e-16,0.9999999999999998,5.1891856948827325e-17,1.2215914907395776e-16
4,12,12,15,4,11,4,8.079091240569113e-15,0.9999999999999999,2.1150780460830109e-16,0.9999999999999997,6.071532165918825e-17,1.37798325966396e-16
4,13,12,15,4,11,4,7.9492919850736e-15,0.9999999999999999,3.28887575298913e-16,0.9999999999999996,1.6653345369377348e-16,2.3449731095332835e-16
4,14,12,15,4,11,4,7.697145408264114e-15,1.0,2.2385547142155804e-15,0.9999999999999978,8.326672684688674e-16,1.6931368607808876e-15
4,15,12,15,4,11,4,8.489629030192592e-15,0.9999999999999999,1.3479168196840016e-16,0.9999999999999998,5.551115123125783e-17,9.443800660776086e-17
4,16,12,15,4,11,4,8.060193273793784e-15,1.0,1.2753809094926623e-16,0.9999999999999999,5.551115123125783e-17,9.735743079918587e-17
4,17,12,15,4,11,4,8.152643891209844e-15,1.0,2.2753694560473343e-16,0.9999999999999998,9.8879238130678e-17,1.7147249485889317e-16
4,18,12,15,4,11,4,7.860665533115863e-15,1.0,1.3877354251766404e-16,0.9999999999999999,6.291689089312526e-17,1.034350515576354e-16
4,19,12,15,4,11,4,8.26166692932367e-15,0.9999999999999999,2.1912717788398607e-16,0.9999999999999997,1.1102230246251565e-16,1.7015990386444321e-16
4,20,12,15,4,11,4,7.571193185068935e-15,0.9999999999999998,2.438080573267602e-16,0.9999999999999996,8.326672684688674e-17,1.6239940818071778e-16
4,21,12,15,4,11,4,7.686291509830572e-15,1.0,1.3660947373317356e-16,0.9999999999999999,9.71445146547012e-17,1.221502797962796e-16
4,22,12,15,4,11,4,8.115236892619634e-15,1.0,2.6750976416438294e-16,0.9999999999999998,1.3133221247989544e-16,2.0723933909354087e-16
4,23,12,15,4,11,4,8.431340112806397e-15,1.0000000000000002,2.09914333066968e-16,1.0,9.71445146547012e-17,1.5864121740180208e-16
4,24,12,15,4,11,4,7.821554321021628e-15,1.0000000000000002,1.8135646296891756e-16,1.0,6.938893903907228e-17,1.2527221068980666e-16
4,25,12,15,4,11,4,8.013271470822021e-15,1.0000000000000002,1.7804122403482844e-16,1.0,8.326672684688674e-17,1.2908882254677226e-16
4,26,12,15,4,11,4,8.382779734494706e-15,1.0,2.4778105524123057e-15,0.9999999999999976,1.1511511205571387e-15,1.9136553881983644e-15
4,27,12,15,4,11,4,8.446149694799583e-15,0.9999999999999998,1.4240312384349958e-16,0.9999999999999997,8.326672684688674e-17,1.1401107585660518e-16
4,28,12,15,4,11,4,8.610893620293462e-15,1.0000000000000002,1.689032333628651e-16,1.0,8.326672684688674e-17,1.2464972949293248e-16
4,29,12,15,4,11,4,7.675921985173481e-15,1.0,6.774253214663821e-16,0.9999999999999993,2.8907188852387064e-16,4.829005306674492e-16
4,30,12,15,4,11,4,7.903639664104308e-15,0.9999999999999999,1.7520707107365752e-16,0.9999999999999997,8.326672684688674e-17,1.274047813566613e-16
4,31,12,15,4,11,4,8.714183495961664e-15,0.9999999999999998,1.7534643991080086e-16,0.9999999999999996,1.1102230246251565e-16,1.662361024194816e-16
4,32,12,15,4,11,4,8.027440519260362e-15,1.0,1.9794600068945385e-16,0.9999999999999998,8.326672684688674e-17,1.372369147060005e-16
4,33,12,15,4,11,4,8.20214089974153e-15,1.0000000000000002,2.263673745911051e-16,1.0,9.280770596475918e-17,1.6505353245379333e-16
4,34,12,15,4,11,4,7.807464000814912e-15,1.0,1.7780915628762273e-16,0.9999999999999998,7.112366251504909e-17,1.340338769633832e-16
4,35,12,15,4,11,4,7.963434371206883e-15,1.0000000000000002,2.37380628623103e-16,1.0,8.326672684688674e-17,1.6906424619629512e-16
4,36,12,15,4,11,4,8.414446856468068e-15,1.0,2.209450841073519e-16,0.9999999999999998,8.326672684688674e-17,1.4864971401185512e-16
4,37,12,15,4,11,4,8.483467765492772e-15,1.0,1.0589210351167542e-16,0.9999999999999999,4.457513866333136e-17,8.033926880612544e-17
4,38,12,15,4,11,4,8.59753658392859e-15,0.9999999999999999,2.752429034905562e-16,0.9999999999999997,1.2836953722228372e-16,2.026293827375376e-16
4,39,12,15,4,11,4,8.105790204812123e-15,1.0,1.8735438477615554e-16,0.9999999999999998,1.249000902703301e-16,1.598333903376491e-16
4,40,12,15,4,11,4,7.920281330944419e-15,0.9999999999999999,1.931242043434331e-16,0.9999999999999997,9.367506770274758e-17,1.357534503982589e-16
4,41,12,15,4,11,4,8.39442343563677e-15,1.0,2.780840258628545e-16,0.9999999999999997,1.5265566588595902e-16,2.1368554914785644e-16
4,42,12,15,4,11,4,7.73406299139069e-15,0.9999999999999998,1.9255430583342559e-16,0.9999999999999996,7.979727989493313e-17,1.3953949497601948e-16
4,43,12,15,4,11,4,7.8942998244798e-15,0.9999999999999999,1.9509589745969937e-16,0.9999999999999997,6.938893903907228e-17,1.3221562971396678e-16
4,44,12,15,4,11,4,8.159522555708432e-15,1.0000000000000002,2.225252290538078e-16,1.0,6.938893903907228e-17,1.4323351056210656e-16
4,45,12,15,4,11,4,8.909122146225867e-15,0.9999999999999999,2.864686051035965e-16,0.9999999999999996,1.2096358724449113e-16,2.1712520094667168e-16
4,46,12,15,4,11,4,8.358673720458575e-15,1.0,3.2614124969267057e-16,0.9999999999999997,9.71445146547012e-17,2.1361950386882905e-16
4,47,12,15,4,11,4,7.735187406639747e-15,1.0,2.5673907444456745e-16,0.9999999999999998,1.3877787807814457e-16,2.000881523702732e-16
4,48,12,15,4,11,4,8.105791276363615e-15,1.0000000000000002,1.9686958784245698e-16,1.0,7.45931094670027e-17,1.4056647180965414e-16
4,49,12,15,4,11,4,8.402395877948217e-15,1.0,2.0477019888703755e-16,0.9999999999999998,5.813283330444087e-17,1.2989279573471082e-16
4,50,12,15,4,11,4,8.158721322994787e-15,1.0,1.716015829003144e-16,0.9999999999999998,5.551115123125783e-17,1.1014651189312696e-16
4,51,12,15,4,11,4,7.979128135804601e-15,1.0,2.305076333357153e-16,0.9999999999999998,6.938893903907228e-17,1.4969634830718488e-16
4,52,12,15,4,11,4,8.45979807817029e-15,0.9999999999999998,2.2111847111312803e-16,0.9999999999999996,8.326672684688674e-17,1.5179975408781636e-16
4,53,12,15,4,11,4,8.522678204790424e-15,1.0,2.648124358207423e-16,0.9999999999999998,1.1796119636642288e-16,1.9626824532459425e-16
4,54,12,15,4,11,4,8.305421812864495e-15,0.9999999999999999,2.282281353888192e-16,0.9999999999999997,8.326672684688674e-17,1.6329910902355288e-16
4,55,12,15,4,11,4,7.847208119150271e-15,1.0000000000000002,2.246466901389965e-16,1.0,9.71445146547012e-17,1.7175514568723658e-16
4,56,12,15,4,11,4,7.741810332609299e-15,1.0,1.7996382895209618e-16,0.9999999999999998,1.3877787807814457e-16,1.66330670203861e-16
4,57,12,15,4,11,4,8.156369343655276e-15,1.0000000000000002,2.5808028270178603e-16,1.0,1.1102230246251565e-16,1.9356884500649338e-16
4,58,12,15,4,11,4,8.359778960079698e-15,1.0,1.2745313500678912e-16,0.9999999999999999,8.326672684688674e-17,1.0878217453950944e-16
4,59,12,15,4,11,4,7.759207908217858e-15,1.0,1.4347704264532473e-16,0.9999999999999999,6.938893903907228e-17,1.1000598446736046e-16
4,60,12,15,4,11,4,7.970916051643486e-15,1.0,1.2463558809735395e-16,0.9999999999999999,5.551115123125783e-17,8.793304144279886e-17
4,61,12,15,4,11,4,8.285985266255854e-15,1.0,1.9949319973733282e-16,0.9999999999999998,8.326672684688674e-17,1.4019841330019277e-16
4,62,12,15,4,11,4,8.920445079091674e-15,0.9999999999999998,3.3977717236122695e-15,0.9999999999999963,1.8041124150158794e-15,2.5592008459856877e-15
4,63,12,15,4,11,4,8.03753592393509e-15,1.0,2.650484532977221e-16,0.9999999999999998,1.0148132334464322e-16,1.8450141393159512e-16
4,64,12,15,4,11,4,8.276019889251836e-15,0.9999999999999999,2.3400805171070126e-16,0.9999999999999997,1.200357656453535e-16,1.83766749402968e-16
4,65,12,15,4,11,4,7.841313332709758e-15,0.9999999999999999,4.813284415676335e-16,0.9999999999999994,1.667856156683686e-16,3.40120704535554e-16
4,66,12,15,4,11,4,8.212021982952755e-15,1.0,2.766292836005473e-16,0.9999999999999998,9.871123605309845e-17,1.8306482542004398e-16
4,67,12,15,4,11,4,8.017494411718025e-15,1.0,2.6872794655338496e-15,0.9999999999999973,1.033895191682177e-15,1.8634351206882084e-15
4,68,12,15,4,11,4,7.797077016489348e-15,0.9999999999999998,1.0408340855860843e-16,0.9999999999999997,5.551115123125783e-17,8.032350411739543e-17
4,69,12,15,4,11,4,8.274655843996715e-15,1.0,1.4604678189633858e-16,0.9999999999999999,9.71445146547012e-17,1.2165082309122306e-16
4,70,12,15,4,11,4,8.442925027198394e-15,1.0000000000000002,2.9040424020973565e-16,0.9999999999999999,1.6653345369377348e-16,2.369478845367215e-16
4,71,12,15,4,11,4,7.791596414453975e-15,1.0,1.9559876024132775e-16,0.9999999999999998,1.0928757898653885e-16,1.6973071162485563e-16
4,72,12,15,4,11,4,8.955322217253638e-15,1.0,1.9703566828213136e-16,0.9999999999999998,8.326672684688674e-17,1.5270388200281796e-16
4,73,12,15,4,11,4,8.29414107239377e-15,1.0,2.66281486345633e-16,0.9999999999999998,1.1102230246251565e-16,1.8981323106451706e-16
4,74,12,15,4,11,4,7.929486582084603e-15,0.9999999999999999,1.4797168519561649e-16,0.9999999999999998,8.326672684688674e-17,1.1375756903858237e-16
4,75,12,15,4,11,4,7.870502729500394e-15,0.9999999999999999,2.679763108609072e-16,0.9999999999999997,1.3877787807814457e-16,2.0717278706450057e-16
4,76,12,15,4,11,4,7.938024671297404e-15,0.9999999999999998,1.7840320093049828e-16,0.9999999999999996,8.326672684688674e-17,1.314072194672488e-16
4,77,12,15,4,11,4,8.387566389400129e-15,1.0000000000000002,3.7680537857197864e-16,0.9999999999999999,1.942890293094024e-16,3.006902356865301e-16
4,78,12,15,4,11,4,8.398951562423043e-15,0.9999999999999998,2.1460658759215138e-16,0.9999999999999996,9.609055715226183e-17,1.6988591101426303e-16
4,79,12,15,4,11,4,8.457153371877419e-15,1.0,2.121782483633524e-16,0.9999999999999998,8.326672684688674e-17,1.5220722036181701e-16
4,80,12,15,4,11,4,8.105383519835328e-15,0.9999999999999999,2.6130232038474063e-16,0.9999999999999997,8.326672684688674e-17,1.787912974607341e-16
4,81,12,15,4,11,4,8.972922216249422e-15,1.0000000000000002,2.792732276027936e-16,0.9999999999999999,1.4329869388548922e-16,2.1864258024865445e-16
4,82,12,15,4,11,4,8.178626058572008e-15,1.0,1.620570511035635e-16,0.9999999999999999,1.1102230246251565e-16,1.453002181347926e-16
4,83,12,15,4,11,4,8.528254343482939e-15,0.9999999999999998,3.1510552449536284e-16,0.9999999999999994,1.1102230246251565e-16,2.085113409475735e-16
4,84,12,15,4,11,4,7.942296179973324e-15,0.9999999999999998,2.1065871199268566e-16,0.9999999999999996,1.1102230246251565e-16,1.5822377664828024e-16
4,85,12,15,4,11,4,8.611987919578315e-15,1.0,1.73511869429608e-16,0.9999999999999998,8.326672684688674e-17,1.2195434260298093e-16
4,86,12,15,4,11,4,7.911921695530321e-15,1.0,1.6627784377427868e-16,0.9999999999999999,5.981387488522665e-17,1.1982187701575196e-16
4,87,12,15,4,11,4,8.047695450179667e-15,1.0000000000000002,1.9118847119179867e-16,1.0,9.020562075079397e-17,1.4292349572729332e-16
4,88,12,15,4,11,4,8.310205786217821e-15,0.9999999999999999,2.1689931197234907e-16,0.9999999999999997,7.595968934586293e-17,1.503509341044193e-16
4,89,12,15,4,11,4,8.420521233380461e-15,0.9999999999999999,7.225988786000296e-17,0.9999999999999998,2.7755575615628914e-17,5.149029700646655e-17
4,90,12,15,4,11,4,8.068810848105473e-15,1.0,1.5272392804591618e-16,0.9999999999999999,6.245004513516506e-17,1.1477388369366686e-16
4,91,12,15,4,11,4,8.025920092285168e-15,0.9999999999999999,2.1416840216411023e-16,0.9999999999999997,9.71445146547012e-17,1.570419155035073e-16
4,92,12,15,4,11,4,9.05578479345303e-15,0.9999999999999999,2.6589924697166256e-16,0.9999999999999997,1.249000902703301e-16,1.9090591171489804e-16
4,93,12,15,4,11,4,8.180157562646658e-15,1.0,1.9914856528248614e-16,0.9999999999999998,1.3183898417423734e-16,1.6344301028631948e-16
4,94,12,15,4,11,4,8.2176460737257e-15,1.0000000000000002,1.8929754537176955e-16,1.0,8.326672684688674e-17,1.4027053745947845e-16
4,95,12,15,4,11,4,7.68844947110518e-15,1.0,3.8000581854944183e-16,0.9999999999999997,1.4331744138912873e-16,2.7277553859316526e-16
4,96,12,15,4,11,4,7.792913766490512e-15,1.0000000000000002,3.0642506922986333e-16,0.9999999999999999,1.0061396160665481e-16,1.9786653113217212e-16
4,97,12,15,4,11,4,9.464147121366445e-15,0.9999999999999999,2.024416860599751e-16,0.9999999999999997,5.551115123125783e-17,1.2828222022026124e-16
4,98,12,15,4,11,4,8.983596965275743e-15,0.9999999999999999,1.270197179304521e-16,0.9999999999999998,6.938893903907228e-17,1.0383478397117581e-16
4,99,12,15,4,11,4,8.528680778938348e-15,1.0,1.0193835791795243e-16,0.9999999999999999,4.163336342344337e-17,7.400222404009141e-17
8,0,12,19,8,11,8,1.1011185962986958e-14,1.0000000000000002,1.1648670982517787e-16,1.0,5.551115123125783e-17,9.069286551935479e-17
8,1,12,19,8,11,8,1.1291044052782481e-14,0.9999999999999999,1.2896584841715075e-16,0.9999999999999998,9.020562075079397e-17,1.1553144597753643e-16
8,2,12,19,8,11,8,1.1445147513512674e-14,1.0,2.0155117536374579e-16,0.9999999999999998,8.326672684688674e-17,1.5370785913662278e-16
8,3,12,19,8,11,8,1.115868515089744e-14,1.0,1.8127860323957634e-16,0.9999999999999998,4.85722573273506e-17,1.122756132876685e-16
8,4,12,19,8,11,8,1.1134638416873867e-14,1.0000000000000002,1.5157146371347352e-16,1.0,5.551115123125783e-17,1.0120387017321368e-16
8,5,12,19,8,11,8,1.1540919816356363e-14,1.0000000000000002,1.3964523981613297e-16,1.0,6.938893903907228e-17,1.0377938793844371e-16
8,6,12,19,8,11,8,1.0946304346539178e-14,0.9999999999999998,2.3505503099485736e-16,0.9999999999999996,9.020562075079397e-17,1.57363420505105e-16
8,7,12,19,8,11,8,1.1303397882988401e-14,1.0,1.6722961677877618e-16,0.9999999999999998,7.979727989493313e-17,1.3496062297784928e-16
8,8,12,19,8,11,8,1.1313666551367003e-14,1.0000000000000002,1.7661653389788867e-16,1.0,9.020562075079397e-17,1.3089998087755483e-16
8,9,12,19,8,11,8,1.1158620339037352e-14,1.0,1.194790794079026e-16,0.9999999999999999,5.551115123125783e-17,9.194954925611265e-17
8,10,12,19,8,11,8,1.1286534355058529e-14,1.0,1.72967146414988e-16,0.9999999999999998,7.632783294297951e-17,1.2565971909423268e-16
8,11,12,19,8,11,8,1.1505589571798617e-14,1.0000000000000002,1.3156461245871156e-16,1.0,8.326672684688674e-17,1.2090628740662518e-16
8,12,12,19,8,11,8,1.0724720309532806e-14,0.9999999999999999,1.8735013540549517e-16,0.9999999999999997,6.938893903907228e-17,1.2528499130684399e-16
8,13,12,19,8,11,8,1.2088153371710528e-14,0.9999999999999999,1.590512310669456e-16,0.9999999999999998,7.632783294297951e-17,1.27351706678618e-16
8,14,12,19,8,11,8,1.0780799848554078e-14,0.9999999999999999,1.6653345369377348e-16,0.9999999999999998,9.71445146547012e-17,1.3333042230303552e-16
8,15,12,19,8,11,8,1.1337699448944919e-14,0.9999999999999999,2.093614527676364e-16,0.9999999999999997,8.326672684688674e-17,1.3544866009755057e-16
8,16,12,19,8,11,8,1.0607624154121903e-14,1.0000000000000002,1.0755285551056204e-16,1.0000000000000002,4.163336342344337e-17,7.569439599172468e-17
8,17,12,19,8,11,8,1.088002512828909e-14,1.0,2.0310190596833005e-16,0.9999999999999998,9.71445146547012e-17,1.6288866334811044e-16
8,18,12,19,8,11,8,1.0401185120289933e-14,1.0000000000000002,1.5092094240998222e-16,1.0,6.938893903907228e-17,1.0701992635966371e-16
8,19,12,19,8,11,8,1.1409323996453561e-14,0.9999999999999999,2.231288070975168e-16,0.9999999999999997,9.497611030973019e-17,1.6783673753059262e-16
8,20,12,19,8,11,8,1.2187931879471632e-14,1.0000000000000002,1.431621197109789e-16,1.0,5.551115123125783e-17,1.0988712695043147e-16
8,21,12,19,8,11,8,1.1341207952830934e-14,1.0,1.819734828604587e-16,0.9999999999999998,6.938893903907228e-17,1.2748708734822906e-16
8,22,12,19,8,11,8,1.1231865058563535e-14,1.0000000000000002,2.2768245622195593e-16,1.0,8.326672684688674e-17,1.585185148793722e-16
8,23,12,19,8,11,8,1.101527609719796e-14,1.0,2.1738809578619834e-16,0.9999999999999998,1.0581813203458523e-16,1.6448251250243825e-16
8,24,12,19,8,11,8,1.135341926751938e-14,0.9999999999999999,1.3460062135150837e-16,0.9999999999999998,4.804788581069618e-17,9.362311982159605e-17
8,25,12,19,8,11,8,1.0969493677269846e-14,0.9999999999999998,1.1839487723541708e-16,0.9999999999999997,5.551115123125783e-17,9.100687379121228e-17
8,26,12,19,8,11,8,1.080834863273994e-14,1.0000000000000002,1.255750721538523e-16,1.0,8.326672684688674e-17,1.0729996021267736e-16
8,27,12,19,8,11,8,1.1168838843021454e-14,1.0,1.864777659469679e-16,0.9999999999999998,8.326672684688674e-17,1.3000591300611177e-16
8,28,12,19,8,11,8,1.0989011293213032e-14,1.0,1.224280496204532e-16,0.9999999999999999,6.938893903907228e-17,1.0352565212008619e-16
8,29,12,19,8,11,8,1.149084592577014e-14,0.9999999999999999,1.1731067506293158e-16,0.9999999999999998,4.5102810375396984e-17,8.826764162052888e-17
8,30,12,19,8,11,8,1.1123645748025163e-14,1.0,1.6511764418023955e-16,0.9999999999999999,6.938893903907228e-17,1.2128104002148508e-16
8,31,12,19,8,11,8,1.2122214865913033e-14,1.0,1.2043802276590201e-16,0.9999999999999999,5.551115123125783e-17,8.986431405609937e-17
8,32,12,19,8,11,8,1.2094471718539695e-14,0.9999999999999999,1.3183898417423734e-16,0.9999999999999998,6.245004513516506e-17,9.959186318969168e-17
8,33,12,19,8,11,8,1.2068642396547065e-14,1.0,1.3926812520094472e-16,0.9999999999999999,5.551115123125783e-17,1.0955588688167905e-16
8,34,12,19,8,11,8,1.1416586902840381e-14,1.0000000000000002,2.1098469691676089e-16,1.0,1.1102230246251565e-16,1.6234321463451244e-16
8,35,12,19,8,11,8,1.2157593830212505e-14,1.0,1.6448475194034667e-16,0.9999999999999999,6.245004513516506e-17,1.1460853651659887e-16
8,36,12,19,8,11,8,1.165673297226952e-14,1.0,2.740863092043355e-16,0.9999999999999998,9.71445146547012e-17,1.900175585543439e-16
8,37,12,19,8,11,8,1.2075423627958379e-14,0.9999999999999999,2.8449465006019636e-16,0.9999999999999996,9.71445146547012e-17,1.8437099424376578e-16
8,38,12,19,8,11,8,1.1350377192612603e-14,1.0,1.1796119636642288e-16,0.9999999999999999,4.163336342344337e-17,8.312204085252724e-17
8,39,12,19,8,11,8,1.1597047917237017e-14,0.9999999999999999,2.445960101127298e-16,0.9999999999999997,9.367506770274758e-17,1.7292069575207268e-16
8,40,12,19,8,11,8,1.142371718486755e-14,0.9999999999999999,2.1482043003270546e-16,0.9999999999999997,8.326672684688674e-17,1.4946018893490637e-16
8,41,12,19,8,11,8,1.1268517034169134e-14,1.0,9.4418262333393e-17,0.9999999999999999,4.163336342344337e-17,6.698405811522303e-17
8,42,12,19,8,11,8,1.1139213431809256e-14,1.0,1.2248476691377103e-16,0.9999999999999999,5.551115123125783e-17,8.891535953400003e-17
8,43,12,19,8,11,8,1.1811215650462132e-14,0.9999999999999999,1.8983747576256758e-16,0.9999999999999997,8.326672684688674e-17,1.5079879354491083e-16
8,44,12,19,8,11,8,1.1511714832538573e-14,0.9999999999999998,2.218070704507485e-16,0.9999999999999996,5.898059818321144e-17,1.3788832415529042e-16
8,45,12,19,8,11,8,1.0638443643249181e-14,1.0000000000000002,1.5525775109992423e-16,1.0,6.938893903907228e-17,1.1792292419874714e-16
8,46,12,19,8,11,8,1.1537144704321328e-14,1.0,3.0711716972229366e-16,0.9999999999999997,1.3183898417423734e-16,2.272974465236678e-16
8,47,12,19,8,11,8,1.0447178231323581e-14,1.0,1.8520112761836557e-16,0.9999999999999998,6.938893903907228e-17,1.2730933824288191e-16
8,48,12,19,8,11,8,1.1414610705952467e-14,1.0,1.3647442464474097e-16,0.9999999999999999,5.551115123125783e-17,9.503242922084398e-17
8,49,12,19,8,11,8,1.0843561942086116e-14,1.0,1.3010426069826053e-16,0.9999999999999999,5.551115123125783e-17,9.545709009488038e-17
8,50,12,19,8,11,8,1.1595746149832043e-14,0.9999999999999998,2.2898349882893854e-16,0.9999999999999996,7.979727989493313e-17,1.6027192715277606e-16
8,51,12,19,8,11,8,1.1019458356265972e-14,1.0,1.8650197527581887e-16,0.9999999999999998,8.326672684688674e-17,1.4665718162236058e-16
8,52,12,19,8,11,8,1.089061687118959e-14,1.0,1.1723854679345725e-16,0.9999999999999999,4.85722573273506e-17,8.651672640728928e-17
8,53,12,19,8,11,8,1.118587946251559e-14,0.9999999999999998,1.8518173106052416e-16,0.9999999999999996,6.418476861114186e-17,1.3238849953945535e-16
8,54,12,19,8,11,8,1.1170766849288628e-14,1.0000000000000002,2.2719353041584497e-16,1.0,7.37257477290143e-17,1.5118781260007415e-16
8,55,12,19,8,11,8,1.2116920748949433e-14,0.9999999999999999,2.502725774392764e-16,0.9999999999999997,1.1102230246251565e-16,1.7521214711631386e-16
8,56,12,19,8,11,8,1.1016129717055641e-14,1.0000000000000002,1.1140949176735624e-16,1.0,5.551115123125783e-17,8.684115171493778e-17
8,57,12,19,8,11,8,1.1663517932695e-14,0.9999999999999999,2.3977956090211205e-16,0.9999999999999997,8.326672684688674e-17,1.5719211728074394e-16
8,58,12,19,8,11,8,1.086032549964912e-14,1.0000000000000002,3.348613749474728e-16,0.9999999999999999,1.249000902703301e-16,2.559717333496886e-16
8,59,12,19,8,11,8,1.059015886996826e-14,1.0,1.5612511283791264e-16,0.9999999999999999,7.632783294297951e-17,1.125299488329488e-16
8,60,12,19,8,11,8,1.104370752362951e-14,1.0,1.314478728638973e-16,0.9999999999999999,5.4728928610577746e-17,9.620045709933103e-17
8,61,12,19,8,11,8,1.1441119931378225e-14,1.0,1.457167719820518e-16,0.9999999999999999,5.551115123125783e-17,1.0245154072492241e-16
8,62,12,19,8,11,8,1.1026668236643839e-14,1.0,1.9919146030498955e-16,0.9999999999999998,8.500145032286355e-17,1.3783982031237718e-16
8,63,12,19,8,11,8,1.1147392070608282e-14,1.0,1.8172434683291275e-16,0.9999999999999998,5.551115123125783e-17,1.2972232081483806e-16
8,64,12,19,8,11,8,1.1497371370098399e-14,1.0,1.12381184766892e-16,0.9999999999999999,4.85722573273506e-17,9.284776196318658e-17
8,65,12,19,8,11,8,1.1498836446111592e-14,1.0000000000000002,1.8735013540549517e-16,1.0,6.938893903907228e-17,1.415262216750919e-16
8,66,12,19,8,11,8,1.0988886407718522e-14,1.0000000000000002,1.0123948449935851e-16,1.0000000000000002,4.5102810375396984e-17,7.576872740518378e-17
8,67,12,19,8,11,8,1.1587714511095075e-14,1.0,2.1374473755840212e-16,0.9999999999999998,1.1102230246251565e-16,1.645297882670183e-16
8,68,12,19,8,11,8,1.0840721432792101e-14,0.9999999999999998,1.8559955920193294e-16,0.9999999999999996,1.0462550964485118e-16,1.573447315639704e-16
8,69,12,19,8,11,8,1.1568126823067588e-14,0.9999999999999998,2.501058600817394e-16,0.9999999999999996,1.249000902703301e-16,1.999933932719498e-16
8,70,12,19,8,11,8,1.1604984652787406e-14,0.9999999999999999,2.042026277857619e-16,0.9999999999999997,9.020562075079397e-17,1.4685169149957412e-16
8,71,12,19,8,11,8,1.0874734085667117e-14,1.0,2.1137114420935643e-16,0.9999999999999998,6.938893903907228e-17,1.353205467769971e-16
8,72,12,19,8,11,8,1.0972322850220092e-14,1.0000000000000002,2.169281795072648e-16,1.0,1.1102230246251565e-16,1.7053857884488453e-16
8,73,12,19,8,11,8,1.1261517116940427e-14,1.0,1.823946951806494e-16,0.9999999999999998,6.938893903907228e-17,1.231322252766841e-16
8,74,12,19,8,11,8,1.1309189604022566e-14,1.0,2.2666987964895676e-16,0.9999999999999998,1.0408340855860843e-16,1.6606682296528168e-16
8,75,12,19,8,11,8,1.2095052958728594e-14,1.0,1.3384640990727532e-16,0.9999999999999999,4.336808689942018e-17,9.845311940765062e-17
8,76,12,19,8,11,8,1.1485271400598843e-14,1.0,1.305555583464547e-16,0.9999999999999999,5.551115123125783e-17,9.5209081696802e-17
8,77,12,19,8,11,8,1.0793246034807971e-14,1.0,1.122451594765982e-16,0.9999999999999999,5.551115123125783e-17,8.773802419916038e-17
8,78,12,19,8,11,8,1.1414801133305934e-14,1.0,1.1520644943247843e-16,0.9999999999999999,5.551115123125783e-17,8.53947635099315e-17
8,79,12,19,8,11,8,1.1251867443969588e-14,1.0000000000000002,2.1315409834694441e-16,1.0,8.326672684688674e-17,1.6068734778982463e-16
8,80,12,19,8,11,8,1.2117216349955596e-14,0.9999999999999998,1.2792816622988592e-16,0.9999999999999997,5.551115123125783e-17,8.84880845665415e-17
8,81,12,19,8,11,8,1.1145164749994536e-14,1.0,1.3632412721183896e-16,0.9999999999999999,4.163336342344337e-17,8.993442162227197e-17
8,82,12,19,8,11,8,1.1425253457988196e-14,1.0000000000000002,1.0969204942598543e-16,1.0000000000000002,7.632783294297951e-17,1.0015208934598327e-16
8,83,12,19,8,11,8,1.1225989344703008e-14,1.0,1.4488665579570628e-16,0.9999999999999999,5.551115123125783e-17,1.0152593435043094e-16
8,84,12,19,8,11,8,1.121340845306686e-14,1.0,9.299076916904267e-17,0.9999999999999999,2.7755575615628914e-17,6.173597996368526e-17
8,85,12,19,8,11,8,1.0634751619417485e-14,0.9999999999999999,1.43982048506075e-16,0.9999999999999998,6.938893903907228e-17,1.077764583621373e-16
8,86,12,19,8,11,8,1.1122411921902137e-14,1.0,1.4051260155412137e-16,0.9999999999999999,5.551115123125783e-17,1.0932887412460298e-16
8,87,12,19,8,11,8,1.1420873157141298e-14,1.0,1.6756966855151036e-16,0.9999999999999998,8.326672684688674e-17,1.2961205072167493e-16
8,88,12,19,8,11,8,1.1087565498157364e-14,0.9999999999999999,2.2871103643916395e-16,0.9999999999999997,8.326672684688674e-17,1.5472935555214531e-16
8,89,12,19,8,11,8,1.1416087257642809e-14,1.0,1.8730647929054393e-16,0.9999999999999998,1.1102230246251565e-16,1.4626283320082222e-16
8,90,12,19,8,11,8,1.117087924547833e-14,1.0,2.0644777720157023e-16,0.9999999999999998,8.673617379884035e-17,1.4687208549584493e-16
8,91,12,19,8,11,8,1.0777815255805446e-14,0.9999999999999999,2.437286483747414e-16,0.9999999999999997,8.326672684688674e-17,1.5843069100819536e-16
8,92,12,19,8,11,8,1.138624992949176e-14,0.9999999999999999,1.951563910473908e-16,0.9999999999999997,8.326672684688674e-17,1.4234249143548578e-16
8,93,12,19,8,11,8,1.1182558945039626e-14,1.0000000000000002,1.5525775109992423e-16,1.0,9.71445146547012e-17,1.2498438865835742e-16
8,94,12,19,8,11,8,1.1097136779983694e-14,1.0000000000000002,1.5612511283791264e-16,1.0,7.632783294297951e-17,1.184703104989684e-16
8,95,12,19,8,11,8,1.1419562935351151e-14,1.0,9.470189227495277e-17,0.9999999999999999,6.938893903907228e-17,8.886143354736618e-17
8,96,12,19,8,11,8,1.0969440349648947e-14,0.9999999999999999,1.3975310589613695e-16,0.9999999999999998,5.551115123125783e-17,1.0391891173285785e-16
8,97,12,19,8,11,8,1.1426712359745534e-14,1.0,1.8597278615955558e-16,0.9999999999999998,8.326672684688674e-17,1.4102687392906461e-16
8,98,12,19,8,11,8,1.094585383668698e-14,0.9999999999999999,2.463307335887066e-16,0.9999999999999997,7.632783294297951e-17,1.724283721331207e-16
8,99,12,19,8,11,8,1.067589032281038e-14,0.9999999999999999,1.3357370765021415e-16,0.9999999999999998,4.163336342344337e-17,9.303035895658009e-17
