k,rep,target_R,min_target_allocation,max_target_allocation,has_negative_target_allocation,max_allocation_error,max_transfer_error,corner_error,pot_conservation_error,planted_zero_sum_error
2,0,0.46428959016667065,0.03571040983332935,0.9642895901666706,False,2.914335439641036e-16,2.7755575615628914e-16,2.220446049250313e-16,0.0,0.0
2,1,0.4345359955928628,0.06546400440713718,0.9345359955928629,False,2.3592239273284576e-16,2.220446049250313e-16,0.0,2.220446049250313e-16,5.551115123125783e-17
2,2,0.4479335170848708,0.052066482915129164,0.9479335170848708,False,4.440892098500626e-16,3.885780586188048e-16,2.220446049250313e-16,0.0,5.551115123125783e-17
2,3,0.32575857212349973,0.17424142787650027,0.8257585721234997,False,1.942890293094024e-16,1.6653345369377348e-16,0.0,0.0,0.0
2,4,0.3674018629339623,0.13259813706603768,0.8674018629339624,False,3.3306690738754696e-16,2.7755575615628914e-16,0.0,0.0,0.0
2,5,0.833691148607861,-0.333691148607861,1.333691148607861,True,5.551115123125783e-16,5.551115123125783e-16,0.0,4.440892098500626e-16,0.0
2,6,0.9554905786610699,-0.4554905786610699,1.45549057866107,True,6.661338147750939e-16,6.661338147750939e-16,0.0,2.220446049250313e-16,0.0
2,7,0.6834185682589553,-0.18341856825895853,1.183418568258952,True,6.439293542825908e-15,6.328271240363392e-15,0.0,4.440892098500626e-16,6.439293542825908e-15
2,8,0.6452842991324137,-0.1452842991324137,1.1452842991324137,True,4.440892098500626e-16,4.440892098500626e-16,0.0,0.0,0.0
2,9,0.9029424321762883,-0.40294243217628833,1.4029424321762884,True,6.661338147750939e-16,6.661338147750939e-16,0.0,0.0,0.0
2,10,0.4667731642726854,0.03322683572731461,0.9667731642726853,False,4.440892098500626e-16,4.996003610813204e-16,0.0,2.220446049250313e-16,0.0
2,11,0.6732219923620375,-0.1732219923620376,1.1732219923620375,True,6.661338147750939e-16,6.661338147750939e-16,0.0,1.1102230246251565e-16,1.1102230246251565e-16
2,12,0.5102742381408645,-0.010274238140864478,1.0102742381408645,True,3.365363543395006e-16,3.3306690738754696e-16,0.0,2.220446049250313e-16,0.0
2,13,0.6084837684905153,-0.10848376849051533,1.1084837684905153,True,4.440892098500626e-16,4.440892098500626e-16,0.0,0.0,0.0
2,14,0.5851279646354641,-0.08512796463546413,1.0851279646354641,True,4.440892098500626e-16,4.440892098500626e-16,0.0,0.0,0.0
2,15,0.8057369477497314,-0.30573694774973126,1.3057369477497311,True,4.440892098500626e-16,4.440892098500626e-16,0.0,0.0,0.0
2,16,0.12352579799092887,0.3764742020090711,0.6235257979909289,False,1.1102230246251565e-16,9.71445146547012e-17,0.0,0.0,0.0
2,17,0.3284637952278867,0.1715362047721133,0.8284637952278867,False,2.498001805406602e-16,2.220446049250313e-16,1.1102230246251565e-16,2.220446049250313e-16,0.0
2,18,0.07526969286446322,0.42473030713553683,0.5752696928644633,False,1.1102230246251565e-16,9.71445146547012e-17,0.0,0.0,8.326672684688674e-17
2,19,0.906870209841115,-0.4068702098411151,1.4068702098411152,True,6.661338147750939e-16,5.551115123125783e-16,0.0,0.0,0.0
2,20,0.30684903605759106,0.19315096394240888,0.8068490360575911,False,2.220446049250313e-16,2.220446049250313e-16,0.0,2.220446049250313e-16,5.551115123125783e-17
2,21,0.9982749063381016,-0.49827490633810145,1.4982749063381013,True,6.661338147750939e-16,7.771561172376096e-16,0.0,2.220446049250313e-16,0.0
2,22,0.6572482836604303,-0.1572482836604303,1.1572482836604303,True,4.718447854656915e-16,4.440892098500626e-16,0.0,0.0,0.0
2,23,0.9130417008104815,-0.41304170081048164,1.4130417008104816,True,6.106226635438361e-16,6.661338147750939e-16,0.0,2.220446049250313e-16,0.0
2,24,0.7528672703344821,-0.25286727033448186,1.252867270334482,True,2.220446049250313e-16,3.3306690738754696e-16,0.0,0.0,3.3306690738754696e-16
2,25,0.23722629618421603,0.2627737038157841,0.7372262961842162,False,2.220446049250313e-16,1.6653345369377348e-16,0.0,0.0,2.220446049250313e-16
2,26,0.5478102994470947,-0.047810299447094584,1.0478102994470948,True,2.983724378680108e-16,3.3306690738754696e-16,0.0,2.220446049250313e-16,1.1102230246251565e-16
2,27,0.2973811483691387,0.20261885163086135,0.7973811483691386,False,2.220446049250313e-16,2.7755575615628914e-16,0.0,0.0,5.551115123125783e-17
2,28,0.9694891637736021,-0.46948916377360217,1.469489163773602,True,8.881784197001252e-16,8.881784197001252e-16,0.0,1.1102230246251565e-16,2.220446049250313e-16
2,29,0.7899324468792916,-0.28993244687929165,1.2899324468792916,True,4.440892098500626e-16,4.440892098500626e-16,0.0,2.220446049250313e-16,0.0
2,30,0.37798719532068664,0.12201280467931336,0.8779871953206866,False,2.3592239273284576e-16,2.220446049250313e-16,0.0,0.0,0.0
2,31,0.05531306862641974,0.4446869313735803,0.5553130686264197,False,1.1102230246251565e-16,1.3877787807814457e-16,0.0,0.0,0.0
2,32,0.09404341893849963,0.4059565810615004,0.5940434189384997,False,5.551115123125783e-17,4.163336342344337e-17,0.0,0.0,2.7755575615628914e-17
2,33,0.918422281562878,-0.41842228156287764,1.4184222815628784,True,1.1102230246251565e-15,9.992007221626409e-16,0.0,2.220446049250313e-16,6.661338147750939e-16
2,34,0.9273843710588016,-0.42738437105880156,1.4273843710588014,True,6.661338147750939e-16,7.771561172376096e-16,0.0,2.220446049250313e-16,0.0
2,35,0.9465615485440354,-0.4465615485440353,1.4465615485440355,True,8.881784197001252e-16,7.771561172376096e-16,0.0,2.220446049250313e-16,1.1102230246251565e-16
2,36,0.8603666659034523,-0.36036666590345234,1.3603666659034523,True,4.996003610813204e-16,4.440892098500626e-16,0.0,0.0,0.0
2,37,0.7512315405045954,-0.2512315405045953,1.2512315405045955,True,4.440892098500626e-16,4.440892098500626e-16,0.0,2.220446049250313e-16,1.1102230246251565e-16
2,38,0.587505607826028,-0.08750560782602801,1.087505607826028,True,3.608224830031759e-16,3.3306690738754696e-16,0.0,0.0,0.0
2,39,0.2185242775882974,0.28147572241170254,0.7185242775882974,False,1.6653345369377348e-16,1.6653345369377348e-16,0.0,0.0,5.551115123125783e-17
2,40,0.23284725023702024,0.26715274976297976,0.7328472502370202,False,2.220446049250313e-16,2.220446049250313e-16,0.0,0.0,0.0
2,41,0.4891884145848375,0.010811585415162417,0.9891884145848375,False,3.3306690738754696e-16,3.3306690738754696e-16,0.0,1.1102230246251565e-16,5.551115123125783e-17
2,42,0.4437284758573842,0.056271524142615825,0.9437284758573842,False,3.400058012914542e-16,3.3306690738754696e-16,0.0,2.220446049250313e-16,0.0
2,43,0.7060615604123686,-0.20606156041236856,1.2060615604123686,True,4.440892098500626e-16,4.440892098500626e-16,0.0,2.220446049250313e-16,0.0
2,44,0.25121668166369115,0.2487833183363089,0.7512166816636913,False,4.440892098500626e-16,4.440892098500626e-16,0.0,0.0,1.6653345369377348e-16
2,45,0.2183913894599705,0.2816086105400295,0.7183913894599705,False,1.6653345369377348e-16,1.942890293094024e-16,0.0,0.0,2.7755575615628914e-17
2,46,0.9719372582282899,-0.4719372582282898,1.47193725822829,True,1.1102230246251565e-15,9.992007221626409e-16,0.0,2.220446049250313e-16,0.0
2,47,0.42112236111502854,0.07887763888497146,0.9211223611150285,False,3.3306690738754696e-16,3.3306690738754696e-16,0.0,0.0,0.0
2,48,0.21769624218862627,0.28230375781137373,0.7176962421886263,False,3.3306690738754696e-16,3.608224830031759e-16,0.0,2.220446049250313e-16,5.551115123125783e-17
2,49,0.9658077165778716,-0.46580771657787157,1.4658077165778716,True,5.551115123125783e-16,5.551115123125783e-16,0.0,4.440892098500626e-16,0.0
2,50,0.9470183665860427,-0.4470183665860421,1.4470183665860432,True,8.881784197001252e-16,8.881784197001252e-16,0.0,2.220446049250313e-16,1.1102230246251565e-15
2,51,0.1251489746348744,0.3748510253651256,0.6251489746348744,False,5.551115123125783e-17,5.551115123125783e-17,0.0,0.0,0.0
2,52,0.15593678331769603,0.344063216682304,0.6559367833176961,False,3.3306690738754696e-16,2.7755575615628914e-16,0.0,2.220446049250313e-16,2.7755575615628914e-17
2,53,0.6321467973613409,-0.13214679736134083,1.132146797361341,True,4.440892098500626e-16,4.440892098500626e-16,0.0,2.220446049250313e-16,1.1102230246251565e-16
2,54,0.6991181878071664,-0.1991181878071664,1.1991181878071664,True,5.551115123125783e-16,5.551115123125783e-16,0.0,0.0,0.0
2,55,0.1574168100983634,0.3425831899016366,0.6574168100983634,False,1.1102230246251565e-16,1.1102230246251565e-16,1.1102230246251565e-16,2.220446049250313e-16,0.0
2,56,0.5858818960156559,-0.08588189601565588,1.085881896015656,True,6.661338147750939e-16,5.551115123125783e-16,0.0,1.1102230246251565e-16,0.0
2,57,0.3230279392620606,0.17697206073793942,0.8230279392620605,False,3.608224830031759e-16,3.885780586188048e-16,0.0,2.220446049250313e-16,1.1102230246251565e-16
2,58,0.5645903740540514,-0.06459037405405155,1.0645903740540512,True,4.3021142204224816e-16,4.440892098500626e-16,0.0,2.220446049250313e-16,3.3306690738754696e-16
2,59,0.48653178346001535,0.013468216539984645,0.9865317834600154,False,3.3306690738754696e-16,3.3306690738754696e-16,0.0,0.0,0.0
2,60,0.9095505012646944,-0.4095505012646944,1.4095505012646945,True,6.661338147750939e-16,6.661338147750939e-16,0.0,0.0,1.1102230246251565e-16
2,61,0.9843752657314285,-0.48437526573142864,1.4843752657314286,True,8.881784197001252e-16,8.881784197001252e-16,0.0,1.1102230246251565e-16,0.0
2,62,0.19274472427641492,0.3072552757235851,0.6927447242764149,False,1.6653345369377348e-16,1.6653345369377348e-16,0.0,0.0,0.0
2,63,0.355356307714673,0.14464369228532692,0.855356307714673,False,3.3306690738754696e-16,3.3306690738754696e-16,0.0,0.0,1.1102230246251565e-16
2,64,0.175274128133398,0.324725871866602,0.675274128133398,False,2.220446049250313e-16,2.220446049250313e-16,0.0,2.220446049250313e-16,0.0
2,65,0.3951711231715289,0.10482887682847108,0.8951711231715289,False,2.914335439641036e-16,2.7755575615628914e-16,0.0,0.0,0.0
2,66,0.8248581118716347,-0.3248581118716347,1.3248581118716347,True,4.996003610813204e-16,4.440892098500626e-16,0.0,0.0,0.0
2,67,0.1960478090288389,0.3039521909711611,0.6960478090288389,False,3.3306690738754696e-16,3.0531133177191805e-16,1.1102230246251565e-16,2.220446049250313e-16,0.0
2,68,0.5476374753172124,-0.04763747531721252,1.0476374753172124,True,4.996003610813204e-16,5.551115123125783e-16,2.220446049250313e-16,2.220446049250313e-16,1.1102230246251565e-16
2,69,0.901591817837725,-0.4015918178377249,1.4015918178377251,True,4.440892098500626e-16,4.440892098500626e-16,0.0,2.220446049250313e-16,2.220446049250313e-16
2,70,0.3573654526564464,0.14263454734355357,0.8573654526564465,False,4.440892098500626e-16,3.885780586188048e-16,0.0,1.1102230246251565e-16,0.0
2,71,0.20251797108706193,0.29748202891293807,0.7025179710870619,False,1.6653345369377348e-16,1.6653345369377348e-16,0.0,2.220446049250313e-16,0.0
2,72,0.9888036954509416,-0.4888036954509416,1.4888036954509416,True,6.661338147750939e-16,6.661338147750939e-16,0.0,4.440892098500626e-16,0.0
2,73,0.21029664119847352,0.2897033588015265,0.7102966411984735,False,2.220446049250313e-16,2.220446049250313e-16,0.0,0.0,0.0
2,74,0.6486213970679143,-0.14862139706791433,1.1486213970679144,True,6.661338147750939e-16,5.551115123125783e-16,0.0,1.1102230246251565e-16,0.0
2,75,0.9390315243008046,-0.4390315243008046,1.4390315243008045,True,6.106226635438361e-16,5.551115123125783e-16,0.0,0.0,0.0
2,76,0.7400402608454817,-0.2400402608454817,1.2400402608454817,True,4.718447854656915e-16,4.440892098500626e-16,0.0,2.220446049250313e-16,0.0
2,77,0.0691916339992158,0.4308083660007842,0.5691916339992158,False,2.220446049250313e-16,2.220446049250313e-16,0.0,4.440892098500626e-16,0.0
2,78,0.6568216611975366,-0.15682166119753715,1.1568216611975362,True,6.661338147750939e-16,7.771561172376096e-16,0.0,0.0,1.1102230246251565e-15
2,79,0.28509255393384014,0.21490744606615986,0.7850925539338401,False,2.220446049250313e-16,2.220446049250313e-16,0.0,0.0,0.0
2,80,0.3676110194801957,0.13238898051980436,0.8676110194801957,False,2.220446049250313e-16,2.220446049250313e-16,0.0,0.0,5.551115123125783e-17
2,81,0.34452874345391604,0.15547125654608396,0.844528743453916,False,2.7755575615628914e-16,2.7755575615628914e-16,0.0,0.0,0.0
2,82,0.3209024350419694,0.1790975649580306,0.8209024350419694,False,2.220446049250313e-16,2.220446049250313e-16,0.0,0.0,0.0
2,83,0.75284958222427,-0.25284958222427,1.25284958222427,True,5.551115123125783e-16,5.551115123125783e-16,0.0,0.0,0.0
2,84,0.05508297653248015,0.4449170234675198,0.5550829765324802,False,1.1102230246251565e-16,1.3877787807814457e-16,0.0,2.220446049250313e-16,0.0
2,85,0.3620681161550741,0.13793188384492588,0.8620681161550741,False,2.498001805406602e-16,2.7755575615628914e-16,0.0,0.0,0.0
2,86,0.25156842200775004,0.24843157799224996,0.7515684220077501,False,1.942890293094024e-16,1.6653345369377348e-16,0.0,2.220446049250313e-16,0.0
2,87,0.7543539685015805,-0.25435396850158054,1.2543539685015805,True,4.440892098500626e-16,4.440892098500626e-16,0.0,0.0,0.0
2,88,0.6693698171490998,-0.16936981714909982,1.1693698171490998,True,5.273559366969494e-16,5.551115123125783e-16,0.0,0.0,0.0
2,89,0.11551705369023396,0.38448294630976604,0.6155170536902339,False,0.0,5.551115123125783e-17,0.0,0.0,0.0
2,90,0.4597545284423278,0.040245471557672274,0.9597545284423277,False,2.914335439641036e-16,2.7755575615628914e-16,0.0,0.0,0.0
2,91,0.8926049823550303,-0.3926049823550303,1.3926049823550302,True,6.661338147750939e-16,7.771561172376096e-16,0.0,2.220446049250313e-16,0.0
2,92,0.5955297497094629,-0.09552974970946293,1.095529749709463,True,3.885780586188048e-16,4.440892098500626e-16,0.0,2.220446049250313e-16,0.0
2,93,0.09485989615798074,0.40514010384201926,0.5948598961579807,False,2.220446049250313e-16,2.220446049250313e-16,0.0,2.220446049250313e-16,0.0
2,94,0.6115621754014924,-0.11156217540149238,1.1115621754014924,True,4.440892098500626e-16,4.440892098500626e-16,2.220446049250313e-16,0.0,0.0
2,95,0.738231523131671,-0.23823152313167095,1.238231523131671,True,6.661338147750939e-16,6.661338147750939e-16,0.0,1.1102230246251565e-16,0.0
2,96,0.21181551820448463,0.28818448179551537,0.7118155182044846,False,1.6653345369377348e-16,1.942890293094024e-16,0.0,2.220446049250313e-16,0.0
2,97,0.4638127907859532,0.03618720921404678,0.9638127907859533,False,3.3306690738754696e-16,2.7755575615628914e-16,0.0,0.0,0.0
2,98,0.9809171482433292,-0.4809171482433292,1.4809171482433292,True,8.881784197001252e-16,8.881784197001252e-16,0.0,0.0,0.0
2,99,0.9819335404207616,-0.48193354042076164,1.4819335404207616,True,6.661338147750939e-16,6.661338147750939e-16,0.0,0.0,0.0
3,0,0.7413135536790121,-0.2837884755747275,1.0746468870123453,True,1.3322676295501878e-15,1.3322676295501878e-15,0.0,8.881784197001252e-16,0.0
3,1,0.0756724733624595,0.266045261689213,0.4090058066957928,False,2.7755575615628914e-16,3.0531133177191805e-16,0.0,6.661338147750939e-16,1.3877787807814457e-17
3,2,0.5362287067295601,-0.20289537339622682,0.8518769661298546,True,8.881784197001252e-16,7.771561172376096e-16,0.0,5.551115123125783e-16,0.0
3,3,0.6278384876130604,-0.1373880427223056,0.9611718209463938,True,8.881784197001252e-16,7.771561172376096e-16,0.0,4.440892098500626e-16,0.0
3,4,0.30367031545698664,0.12554022057740025,0.6370036487903199,False,5.551115123125783e-16,6.106226635438361e-16,0.0,6.661338147750939e-16,2.7755575615628914e-17
3,5,0.8650466707910316,-0.5317133374576983,0.8306770993005601,True,9.992007221626409e-16,8.881784197001252e-16,0.0,6.661338147750939e-16,1.1102230246251565e-16
3,6,0.10703073334349565,0.2708497254791846,0.440364066676829,False,3.3306690738754696e-16,3.191891195797325e-16,0.0,6.661338147750939e-16,2.0816681711721685e-17
3,7,0.9884263875182577,-0.42149716460708136,1.321759720851591,True,1.5543122344752192e-15,1.5543122344752192e-15,0.0,6.661338147750939e-16,1.1102230246251565e-16
3,8,0.08820930732715734,0.25860475094133395,0.42154264066049063,False,2.7755575615628914e-16,3.0531133177191805e-16,0.0,6.661338147750939e-16,0.0
3,9,0.5187323631372326,-0.044892991582681174,0.852065696470566,True,9.992007221626409e-16,9.992007221626409e-16,0.0,8.881784197001252e-16,1.1102230246251565e-16
3,10,0.4282813374611055,-0.09494800412777216,0.6707472475943095,True,6.661338147750939e-16,6.661338147750939e-16,2.220446049250313e-16,6.661338147750939e-16,6.938893903907228e-17
3,11,0.8100613209575261,-0.16746723315036488,1.1433946542908595,True,1.5543122344752192e-15,1.4432899320127035e-15,4.440892098500626e-16,8.881784197001252e-16,1.1102230246251565e-16
3,12,0.1078489567776813,0.22548437655565204,0.3982278408264021,False,3.3306690738754696e-16,3.469446951953614e-16,0.0,6.661338147750939e-16,4.163336342344337e-17
3,13,0.49904726675884564,-0.04695933764039123,0.8323806000921791,True,9.992007221626409e-16,9.992007221626409e-16,0.0,6.661338147750939e-16,1.1102230246251565e-16
3,14,0.4037223276487307,0.10514957365658253,0.7370556609820639,False,6.661338147750939e-16,6.661338147750939e-16,2.220446049250313e-16,6.661338147750939e-16,2.220446049250313e-16
3,15,0.90904682373776,-0.16675736145987435,1.2423801570710935,True,1.3322676295501878e-15,1.3322676295501878e-15,0.0,5.551115123125783e-16,0.0
3,16,0.10991200072129984,0.22835343293049476,0.4432453340546332,False,2.7755575615628914e-16,2.498001805406602e-16,1.1102230246251565e-16,5.551115123125783e-16,0.0
3,17,0.542055968339825,-0.20872263500649163,0.840142425083632,True,7.771561172376096e-16,8.881784197001252e-16,0.0,6.661338147750939e-16,0.0
3,18,0.9744497707395795,-0.6411164374062461,0.955291183281183,True,1.2212453270876722e-15,1.2212453270876722e-15,4.440892098500626e-16,4.440892098500626e-16,2.220446049250313e-16
3,19,0.6668846640770146,-0.14373018617205197,1.0002179974103487,True,1.3322676295501878e-15,1.3322676295501878e-15,0.0,6.661338147750939e-16,1.4155343563970746e-15
3,20,0.5044297704838708,-0.17109643715053785,0.6677465522611163,True,1.0824674490095276e-15,1.1102230246251565e-15,0.0,4.440892098500626e-16,5.551115123125783e-16
3,21,0.8959420345587045,-0.5626087012253713,0.8421956390584238,True,9.992007221626409e-16,8.881784197001252e-16,0.0,5.551115123125783e-16,0.0
3,22,0.8236138450333688,-0.22080400959572516,1.156947178366702,True,8.881784197001252e-16,8.881784197001252e-16,0.0,3.3306690738754696e-16,2.220446049250313e-16
3,23,0.46753508650295345,-0.13420175316962002,0.5879058727377173,True,4.440892098500626e-16,4.718447854656915e-16,2.220446049250313e-16,5.551115123125783e-16,5.551115123125783e-17
3,24,0.5419265177914124,-0.027964135563914305,0.8752598511247458,True,9.992007221626409e-16,9.992007221626409e-16,0.0,6.661338147750939e-16,0.0
3,25,0.5425430155180543,0.05692091792064252,0.8758763488513877,False,1.1102230246251565e-15,9.992007221626409e-16,0.0,7.771561172376096e-16,0.0
3,26,0.7366183953646819,-0.40328506203134856,0.7239900353485536,True,8.881784197001252e-16,8.881784197001252e-16,2.220446049250313e-16,6.661338147750939e-16,0.0
3,27,0.9450315891657196,-0.2059346985163139,1.278364922499053,True,1.1102230246251565e-15,1.1102230246251565e-15,0.0,4.440892098500626e-16,1.1102230246251565e-16
3,28,0.838506768053674,-0.5051734347203405,0.9436506355181355,True,7.771561172376096e-16,8.881784197001252e-16,0.0,4.440892098500626e-16,1.3877787807814457e-16
3,29,0.157076908009258,0.17625642532407526,0.47313014921623686,False,3.885780586188048e-16,3.885780586188048e-16,0.0,5.551115123125783e-16,1.1102230246251565e-16
3,30,0.36578198065673095,0.016699777320136833,0.6991153139900643,False,7.771561172376096e-16,7.216449660063518e-16,0.0,6.661338147750939e-16,0.0
3,31,0.8947730832040438,-0.5614397498707104,0.9542175277432956,True,1.1102230246251565e-15,9.992007221626409e-16,4.440892098500626e-16,6.661338147750939e-16,1.1102230246251565e-16
3,32,0.21386944277876396,0.11946389055456944,0.5267070492729953,False,6.661338147750939e-16,6.938893903907228e-16,0.0,6.661338147750939e-16,1.942890293094024e-16
3,33,0.7197053148595126,-0.3863719815261793,0.993403402863132,True,1.2212453270876722e-15,1.3322676295501878e-15,0.0,6.661338147750939e-16,1.1102230246251565e-16
3,34,0.856042526487347,-0.32226850277291935,1.1893758598206803,True,1.3322676295501878e-15,1.3322676295501878e-15,0.0,6.661338147750939e-16,5.551115123125783e-17
3,35,0.3488073535782418,0.11571424832326396,0.6821406869115751,False,7.771561172376096e-16,7.216449660063518e-16,0.0,6.661338147750939e-16,0.0
3,36,0.5645361867671634,-0.11830810764485761,0.8978695201004967,True,8.881784197001252e-16,8.881784197001252e-16,0.0,5.551115123125783e-16,5.551115123125783e-17
3,37,0.670291960138295,-0.3369586268049615,0.8561485227818628,True,9.992007221626409e-16,9.992007221626409e-16,0.0,6.661338147750939e-16,1.3877787807814457e-16
3,38,0.1425276741379598,0.20327969366938056,0.4758610074712931,False,3.885780586188048e-16,3.885780586188048e-16,0.0,6.661338147750939e-16,8.673617379884035e-18
3,39,0.5030231146042063,-0.16968978127087303,0.6129803709194113,True,5.551115123125783e-16,4.996003610813204e-16,0.0,5.551115123125783e-16,0.0
3,40,0.33734913073672573,0.12053662381408634,0.670682464070059,False,5.551115123125783e-16,4.996003610813204e-16,0.0,4.440892098500626e-16,8.326672684688674e-17
3,41,0.26933866475133084,0.09079610641867578,0.6026719980846641,False,5.551115123125783e-16,5.551115123125783e-16,2.220446049250313e-16,5.551115123125783e-16,1.3877787807814457e-16
3,42,0.2193263086301499,0.11400702470318341,0.4668111584991861,False,3.3306690738754696e-16,3.469446951953614e-16,0.0,6.661338147750939e-16,2.7755575615628914e-17
3,43,0.5476765362969743,-0.214343202963641,0.8339837737616949,True,7.771561172376096e-16,8.881784197001252e-16,0.0,6.661338147750939e-16,1.3877787807814457e-17
3,44,0.6179059616683431,-0.009474991629520924,0.9512392950016764,True,9.992007221626409e-16,1.1102230246251565e-15,0.0,6.661338147750939e-16,0.0
3,45,0.5910907401992708,-0.25775740686593746,0.7704884162467833,True,8.881784197001252e-16,8.881784197001252e-16,2.220446049250313e-16,8.881784197001252e-16,1.1102230246251565e-16
3,46,0.9923994529929255,-0.255748340358163,1.325732786326259,True,1.7763568394002505e-15,1.7763568394002505e-15,0.0,6.661338147750939e-16,2.220446049250313e-16
3,47,0.1748576392270768,0.16603289173738514,0.5081909725604101,False,4.440892098500626e-16,4.440892098500626e-16,0.0,6.661338147750939e-16,0.0
3,48,0.8864848796577843,-0.553151546324451,1.0573012575776688,True,8.881784197001252e-16,9.992007221626409e-16,0.0,2.220446049250313e-16,0.0
3,49,0.6995663370556281,-0.36623300372229467,0.8788627939649343,True,9.992007221626409e-16,9.992007221626409e-16,0.0,6.661338147750939e-16,5.551115123125783e-17
3,50,0.7347506309982466,-0.3191429299434608,1.0680839643315798,True,1.1102230246251565e-15,9.992007221626409e-16,0.0,5.551115123125783e-16,1.1102230246251565e-16
3,51,0.8207040511114144,-0.41098810083325804,1.1540373844447478,True,1.1102230246251565e-15,9.992007221626409e-16,4.440892098500626e-16,4.440892098500626e-16,1.1102230246251565e-16
3,52,0.5393513656763387,-0.04069390277720014,0.8726846990096719,True,7.771561172376096e-16,7.771561172376096e-16,0.0,5.551115123125783e-16,1.1102230246251565e-16
3,53,0.4305248995395361,-0.09719156620620273,0.7227347010030354,True,7.771561172376096e-16,7.771561172376096e-16,0.0,6.661338147750939e-16,5.551115123125783e-17
3,54,0.2978199426682106,0.038844923012405885,0.6311532760015439,False,4.440892098500626e-16,4.440892098500626e-16,0.0,3.3306690738754696e-16,0.0
3,55,0.19626684764498437,0.2289283369007563,0.5296001809783176,False,4.440892098500626e-16,4.718447854656915e-16,0.0,6.661338147750939e-16,2.7755575615628914e-17
3,56,0.45515174253338875,0.050470430596295246,0.7884850758667221,False,7.771561172376096e-16,7.216449660063518e-16,0.0,5.551115123125783e-16,0.0
3,57,0.5617174093214535,0.04309368911338407,0.8950507426547869,False,7.771561172376096e-16,7.771561172376096e-16,0.0,4.440892098500626e-16,5.551115123125783e-17
3,58,0.6130181899142235,-0.054302521202528875,0.9463515232475568,True,9.992007221626409e-16,1.1102230246251565e-15,0.0,6.661338147750939e-16,5.551115123125783e-17
3,59,0.19764800645776975,0.19806294674164418,0.5309813397911031,False,5.551115123125783e-16,5.551115123125783e-16,0.0,6.661338147750939e-16,0.0
3,60,0.34459186515941115,-0.011258531826077611,0.6762234368897747,True,6.661338147750939e-16,6.44883452194378e-16,2.220446049250313e-16,6.661338147750939e-16,4.2283884726934673e-16
3,61,0.6854110073201054,-0.05285860503090789,1.0187443406534389,True,1.3322676295501878e-15,1.2212453270876722e-15,0.0,7.771561172376096e-16,0.0
3,62,0.33829905740754984,0.044868281208349736,0.6716323907408832,False,5.551115123125783e-16,4.996003610813204e-16,0.0,4.440892098500626e-16,5.551115123125783e-17
3,63,0.9411946909239391,-0.31106650642072714,1.2745280242572723,True,1.3322676295501878e-15,1.3322676295501878e-15,0.0,5.551115123125783e-16,2.7755575615628914e-16
3,64,0.516332560500946,-0.17788789313930548,0.8496658938342794,True,8.881784197001252e-16,7.771561172376096e-16,0.0,6.661338147750939e-16,2.42861286636753e-17
3,65,0.6059743404697177,-0.2726410071363848,0.9382415011401903,True,1.5543122344752192e-15,1.5543122344752192e-15,0.0,4.440892098500626e-16,9.992007221626409e-16
3,66,0.721380454940654,-0.19670370670143195,1.0547137882739872,True,1.1102230246251565e-15,1.1102230246251565e-15,0.0,6.661338147750939e-16,0.0
3,67,0.27958357968471725,0.053749753648616005,0.5105438303529987,False,3.3306690738754696e-16,3.3306690738754696e-16,0.0,4.440892098500626e-16,8.326672684688674e-17
3,68,0.29545647903348526,0.03787685429984805,0.5100713919361812,False,4.440892098500626e-16,4.163336342344337e-16,1.1102230246251565e-16,6.661338147750939e-16,4.163336342344337e-17
3,69,0.2304843578288414,0.1028489755044919,0.5382600629920757,False,4.440892098500626e-16,4.996003610813204e-16,1.1102230246251565e-16,6.661338147750939e-16,2.7755575615628914e-17
3,70,0.18355532480600623,0.2225840773456022,0.5168886581393396,False,4.440892098500626e-16,4.440892098500626e-16,0.0,6.661338147750939e-16,2.7755575615628914e-17
3,71,0.6936034232780965,-0.3602700899447632,0.8334032190674705,True,7.771561172376096e-16,8.881784197001252e-16,1.1102230246251565e-16,6.661338147750939e-16,0.0
3,72,0.8227635865868901,-0.48782671190869137,1.1560969199202233,True,1.3322676295501878e-15,1.3322676295501878e-15,0.0,6.661338147750939e-16,0.0
3,73,0.7968688167521584,-0.06852494644748197,1.1302021500854917,True,8.881784197001252e-16,7.771561172376096e-16,0.0,4.440892098500626e-16,2.220446049250313e-16
3,74,0.6340891248021364,-0.26637801924739707,0.9674224581354698,True,1.1102230246251565e-15,9.992007221626409e-16,0.0,6.661338147750939e-16,1.3183898417423734e-16
3,75,0.9972306893164958,-0.6638973559831622,0.9429610776237496,True,1.1102230246251565e-15,1.2212453270876722e-15,0.0,6.661338147750939e-16,1.1102230246251565e-16
3,76,0.8538252095571598,-0.5204918762238264,0.9107522667187635,True,9.992007221626409e-16,9.992007221626409e-16,4.440892098500626e-16,4.440892098500626e-16,0.0
3,77,0.9293018054474991,-0.5959684721141658,1.0930772913924864,True,1.3322676295501878e-15,1.2212453270876722e-15,4.440892098500626e-16,7.771561172376096e-16,1.1102230246251565e-16
3,78,0.6777998315095176,-0.34168686591419256,1.011133164842851,True,8.881784197001252e-16,7.771561172376096e-16,0.0,3.3306690738754696e-16,1.0061396160665481e-16
3,79,0.568207783840275,-0.23487445050694172,0.69846788496176,True,6.661338147750939e-16,6.661338147750939e-16,2.220446049250313e-16,7.771561172376096e-16,0.0
3,80,0.98204815496401,-0.6487148216306766,0.9695135428590986,True,1.1102230246251565e-15,9.992007221626409e-16,0.0,5.551115123125783e-16,1.1102230246251565e-16
3,81,0.8530681347181708,-0.5197348013848373,0.9100890082150821,True,9.992007221626409e-16,9.992007221626409e-16,4.440892098500626e-16,7.771561172376096e-16,1.1102230246251565e-16
3,82,0.6598867171408976,-0.08228247069768085,0.9932200504742308,True,1.2212453270876722e-15,1.3322676295501878e-15,0.0,7.771561172376096e-16,5.551115123125783e-17
3,83,0.6789724535794183,-0.10677732800652079,1.0123057869127516,True,1.1102230246251565e-15,9.992007221626409e-16,0.0,6.661338147750939e-16,1.1102230246251565e-16
3,84,0.36081119971127235,-0.02747786637793903,0.535961261141306,True,4.440892098500626e-16,4.996003610813204e-16,0.0,6.661338147750939e-16,2.7755575615628914e-17
3,85,0.07041608322544607,0.26291725010788725,0.38030213391333084,False,3.3306690738754696e-16,3.400058012914542e-16,0.0,8.881784197001252e-16,0.0
3,86,0.16913517147246288,0.1641981618608704,0.4647082093516728,False,3.3306690738754696e-16,3.608224830031759e-16,0.0,6.661338147750939e-16,2.7755575615628914e-17
3,87,0.5793666565926934,-0.24603332325936006,0.6721849498851256,True,5.551115123125783e-16,5.551115123125783e-16,0.0,5.551115123125783e-16,0.0
3,88,0.6825849409557297,-0.34925160762239643,0.942812581821953,True,8.881784197001252e-16,8.881784197001252e-16,0.0,4.440892098500626e-16,0.0
3,89,0.3057040403646092,0.17237298487206945,0.6390373736979424,False,4.440892098500626e-16,4.996003610813204e-16,0.0,5.551115123125783e-16,5.551115123125783e-17
3,90,0.062272189519347265,0.27106114381398605,0.37183704766862946,False,2.220446049250313e-16,2.2898349882893854e-16,0.0,6.661338147750939e-16,1.3877787807814457e-17
3,91,0.549133275130408,-0.21579994179707468,0.8389945836897752,True,7.771561172376096e-16,7.771561172376096e-16,0.0,4.440892098500626e-16,0.0
3,92,0.9936368815093799,-0.48195356063522526,1.3269702148427132,True,1.7763568394002505e-15,1.7763568394002505e-15,0.0,8.881784197001252e-16,1.1102230246251565e-16
3,93,0.3902089094272358,0.07989653932516327,0.7235422427605691,False,7.771561172376096e-16,7.771561172376096e-16,2.220446049250313e-16,7.771561172376096e-16,2.7755575615628914e-17
3,94,0.4606855247856651,-0.12735219145233173,0.6093612714640084,True,6.661338147750939e-16,6.661338147750939e-16,2.220446049250313e-16,7.771561172376096e-16,0.0
3,95,0.6602785201150672,-0.32694518678173384,0.9844022725672237,True,1.1102230246251565e-15,9.992007221626409e-16,0.0,6.661338147750939e-16,1.1102230246251565e-16
3,96,0.7899930866061349,-0.45665975327280134,1.0210339052490358,True,1.1102230246251565e-15,9.992007221626409e-16,0.0,4.440892098500626e-16,1.1102230246251565e-16
3,97,0.061856081949551424,0.27147725138378187,0.37101897164919745,False,2.7755575615628914e-16,2.914335439641036e-16,0.0,6.661338147750939e-16,3.469446951953614e-17
3,98,0.6835317429210549,-0.3501984095877217,0.7042230712313745,True,7.771561172376096e-16,7.771561172376096e-16,2.220446049250313e-16,6.661338147750939e-16,1.1102230246251565e-16
3,99,0.820648356545095,-0.4873150232117616,0.7448410238520915,True,9.43689570931383e-16,9.992007221626409e-16,0.0,5.551115123125783e-16,1.1102230246251565e-16
4,0,0.3994919033377189,0.012983190546716261,0.5706936878050257,False,8.881784197001252e-16,9.43689570931383e-16,3.3306690738754696e-16,1.2212453270876722e-15,2.7755575615628914e-17
4,1,0.6595503491336568,-0.17026700933443917,0.5950182965210242,True,9.992007221626409e-16,9.43689570931383e-16,2.220446049250313e-16,1.1102230246251565e-15,2.220446049250313e-16
4,2,0.3995966680596435,0.09769353681666018,0.6495966680596434,False,1.2212453270876722e-15,1.27675647831893e-15,2.220446049250313e-16,1.3322676295501878e-15,1.3877787807814457e-17
4,3,0.08909318756005492,0.16107751988928293,0.32172008422006615,False,4.440892098500626e-16,4.718447854656915e-16,0.0,1.3322676295501878e-15,2.1521413123837263e-17
4,4,0.8843884415737989,-0.6343884415737989,0.7701296767618951,True,1.3322676295501878e-15,1.3322676295501878e-15,0.0,1.4432899320127035e-15,0.0
4,5,0.2913217601356821,0.04123889820797652,0.5069017997824725,False,7.771561172376096e-16,8.326672684688674e-16,0.0,1.3322676295501878e-15,2.7755575615628914e-17
4,6,0.22813266921702652,0.11839475502504579,0.39794095041221256,False,6.661338147750939e-16,6.38378239159465e-16,0.0,1.4432899320127035e-15,2.7755575615628914e-17
4,7,0.5526867169610972,-0.30268671696109695,0.6130216974220346,True,1.3322676295501878e-15,1.27675647831893e-15,1.1102230246251565e-16,1.3322676295501878e-15,3.885780586188048e-16
4,8,0.06264348557464314,0.20183652535648697,0.31264348557464317,False,4.440892098500626e-16,4.163336342344337e-16,0.0,1.1102230246251565e-15,1.734723475976807e-18
4,9,0.248499469390767,0.0015005306092329973,0.37491876238789923,False,6.106226635438361e-16,6.38378239159465e-16,1.1102230246251565e-16,1.3322676295501878e-15,2.5153490401663703e-17
4,10,0.7728276663275745,-0.5228276663275745,0.6988314466647075,True,1.1102230246251565e-15,1.1102230246251565e-15,0.0,1.2212453270876722e-15,1.1102230246251565e-16
4,11,0.7003773300159654,-0.20427445892084156,0.9503773300159654,True,1.7763568394002505e-15,1.7763568394002505e-15,4.440892098500626e-16,1.3322676295501878e-15,1.249000902703301e-16
4,12,0.40615984116942494,-0.08855317925572276,0.46425161955683514,True,7.771561172376096e-16,7.494005416219807e-16,0.0,1.2212453270876722e-15,1.942890293094024e-16
4,13,0.7215787661942862,-0.40079045269195557,0.6886000558678006,True,1.1102230246251565e-15,1.1102230246251565e-15,4.440892098500626e-16,1.2212453270876722e-15,5.551115123125783e-17
4,14,0.46878098633948256,-0.09482438708306662,0.644151476994624,True,1.1102230246251565e-15,1.1102230246251565e-15,0.0,1.3322676295501878e-15,2.7755575615628914e-17
4,15,0.6398957457748201,-0.32304509271740356,0.5816140448146132,True,1.1102230246251565e-15,1.1102230246251565e-15,2.220446049250313e-16,1.5543122344752192e-15,2.220446049250313e-16
4,16,0.7178951598245995,-0.4619665908510555,0.629175472198682,True,1.1657341758564144e-15,1.1102230246251565e-15,2.220446049250313e-16,1.3322676295501878e-15,0.0
4,17,0.4213591612760049,-0.07878005550549283,0.5232680594923391,True,7.771561172376096e-16,8.326672684688674e-16,1.1102230246251565e-16,1.3322676295501878e-15,1.6653345369377348e-16
4,18,0.9123207758739967,-0.2270437168716095,1.0898103430676933,True,1.9984014443252818e-15,2.1094237467877974e-15,0.0,1.2212453270876722e-15,1.1102230246251565e-16
4,19,0.5893403677160102,-0.07936288555638471,0.6048160156370598,True,1.1102230246251565e-15,1.1102230246251565e-15,0.0,1.3322676295501878e-15,2.220446049250313e-16
4,20,0.7356928088771691,-0.2243917267571071,0.8709022493027353,True,1.4432899320127035e-15,1.4432899320127035e-15,0.0,1.3322676295501878e-15,1.1102230246251565e-16
4,21,0.3810626138734053,-0.01427877908554498,0.6310626138734052,True,9.992007221626409e-16,1.0547118733938987e-15,0.0,1.3322676295501878e-15,0.0
4,22,0.23948270149286527,0.08890866571994405,0.3925836876321493,False,6.106226635438361e-16,6.106226635438361e-16,0.0,1.3322676295501878e-15,2.7755575615628914e-17
4,23,0.5329788080024817,-0.1799747836428326,0.657746596973386,True,1.1102230246251565e-15,1.1657341758564144e-15,0.0,1.3322676295501878e-15,6.938893903907228e-17
4,24,0.7647538482475236,-0.5147538482475237,0.6309392375485875,True,1.2212453270876722e-15,1.2212453270876722e-15,0.0,1.3322676295501878e-15,2.7755575615628914e-17
4,25,0.6614629894154106,-0.1965149857390936,0.9114629894154106,True,1.6653345369377348e-15,1.6653345369377348e-15,0.0,1.3322676295501878e-15,3.469446951953614e-18
4,26,0.42408945349897864,-0.15194317695851717,0.6271574117113554,True,1.1102230246251565e-15,1.1657341758564144e-15,0.0,1.2212453270876722e-15,5.551115123125783e-17
4,27,0.5233756553304403,-0.15232721895270324,0.7733756553304403,True,1.3322676295501878e-15,1.3322676295501878e-15,0.0,1.2212453270876722e-15,1.0061396160665481e-16
4,28,0.4211071626380194,0.032207794536686984,0.6711071626380194,False,1.1102230246251565e-15,1.1102230246251565e-15,0.0,1.2212453270876722e-15,0.0
4,29,0.07744821935105403,0.18575308783345224,0.28965137744203057,False,3.885780586188048e-16,4.0245584642661925e-16,0.0,1.3322676295501878e-15,1.3877787807814457e-17
4,30,0.3480900738486231,0.06896820084918734,0.5342562787239837,False,1.1102230246251565e-15,1.0547118733938987e-15,0.0,1.5543122344752192e-15,0.0
4,31,0.5234421732216774,-0.028612157458816734,0.7207727850719637,True,1.2212453270876722e-15,1.2212453270876722e-15,0.0,1.2212453270876722e-15,1.1102230246251565e-16
4,32,0.48643806777269294,0.028568021590081122,0.7364380677726929,False,1.3322676295501878e-15,1.3322676295501878e-15,0.0,1.3322676295501878e-15,5.551115123125783e-17
4,33,0.32404858207962933,0.014741695888908862,0.45908217853440747,False,6.661338147750939e-16,6.661338147750939e-16,2.220446049250313e-16,1.2212453270876722e-15,1.3877787807814457e-17
4,34,0.41224036060972596,0.002328029698792783,0.6459111891788943,False,1.2212453270876722e-15,1.2212453270876722e-15,0.0,1.4432899320127035e-15,0.0
4,35,0.11365224282239,0.15179803821745133,0.36062647568257555,False,6.106226635438361e-16,5.967448757360216e-16,0.0,1.4432899320127035e-15,1.3877787807814457e-17
4,36,0.37836511247426013,-0.11078738118272702,0.490630640486528,True,7.771561172376096e-16,7.771561172376096e-16,1.1102230246251565e-16,1.3322676295501878e-15,0.0
4,37,0.7494468672745597,-0.2072896882601124,0.720145042466092,True,1.2212453270876722e-15,1.27675647831893e-15,0.0,1.4432899320127035e-15,5.551115123125783e-17
4,38,0.9520261871067232,-0.5555610547759483,0.932568266882793,True,1.7763568394002505e-15,1.7763568394002505e-15,0.0,1.4432899320127035e-15,0.0
4,39,0.5286091351600986,-0.209235876999251,0.5707225334027266,True,9.992007221626409e-16,1.0547118733938987e-15,0.0,1.3322676295501878e-15,5.551115123125783e-17
4,40,0.6006339232032756,-0.27830501105777516,0.8248786967407863,True,1.5543122344752192e-15,1.5543122344752192e-15,0.0,1.3322676295501878e-15,8.326672684688674e-17
4,41,0.36929271181562895,-0.08136057952364517,0.557204926361847,True,8.881784197001252e-16,8.881784197001252e-16,2.220446049250313e-16,1.3322676295501878e-15,2.0816681711721685e-17
4,42,0.6187495038342169,-0.04870281510707852,0.8687495038342169,True,1.6653345369377348e-15,1.6653345369377348e-15,0.0,1.3322676295501878e-15,0.0
4,43,0.5846524719263425,-0.21374185877813756,0.8346524719263425,True,1.4432899320127035e-15,1.4432899320127035e-15,0.0,1.1102230246251565e-15,1.1102230246251565e-16
4,44,0.9255476200266934,-0.36010347158483225,1.1755476200266934,True,2.220446049250313e-15,2.1094237467877974e-15,0.0,1.3322676295501878e-15,2.7755575615628914e-17
4,45,0.9446100449071536,-0.6946100449071536,0.8213614063272286,True,1.4432899320127035e-15,1.4432899320127035e-15,3.3306690738754696e-16,1.1102230246251565e-15,1.1102230246251565e-16
4,46,0.8029572001579387,-0.3576131779554632,0.7973363216392697,True,1.3322676295501878e-15,1.3322676295501878e-15,0.0,1.3322676295501878e-15,0.0
4,47,0.5866267982081969,-0.33662679820819685,0.5370206748243316,True,8.881784197001252e-16,8.881784197001252e-16,0.0,1.3322676295501878e-15,0.0
4,48,0.4935807371785551,-0.13997469118501177,0.570265289235354,True,9.992007221626409e-16,9.992007221626409e-16,0.0,1.3322676295501878e-15,1.3877787807814457e-16
4,49,0.358622485068774,0.044182413329164366,0.47484629606348644,False,7.771561172376096e-16,7.771561172376096e-16,2.220446049250313e-16,1.3322676295501878e-15,1.1102230246251565e-16
4,50,0.7212825889623796,-0.14503848135589886,0.6860926600121855,True,1.2212453270876722e-15,1.1657341758564144e-15,0.0,1.4432899320127035e-15,1.1102230246251565e-16
4,51,0.37052767427345784,0.04544510711232544,0.5863078101809227,False,1.1102230246251565e-15,1.0547118733938987e-15,0.0,1.4432899320127035e-15,2.7755575615628914e-17
4,52,0.30755972651547586,0.07641798976432665,0.46752318203707255,False,7.771561172376096e-16,7.494005416219807e-16,0.0,1.3322676295501878e-15,0.0
4,53,0.19797576096456937,0.12000310344290824,0.4479757609645693,False,6.106226635438361e-16,6.106226635438361e-16,0.0,1.3322676295501878e-15,8.326672684688674e-17
4,54,0.9047307593436311,-0.4405471448818098,0.8593697677581082,True,1.6653345369377348e-15,1.6653345369377348e-15,6.661338147750939e-16,1.5543122344752192e-15,1.1102230246251565e-16
4,55,0.941238937137167,-0.3626929170838349,1.1912389371371668,True,2.220446049250313e-15,2.3314683517128287e-15,0.0,1.4432899320127035e-15,0.0
4,56,0.7918713208312522,-0.16283910551505593,0.841910638095313,True,1.5543122344752192e-15,1.5543122344752192e-15,0.0,1.3322676295501878e-15,1.1102230246251565e-16
4,57,0.25091806344205425,0.04892709505152806,0.4390222676356099,False,6.661338147750939e-16,6.938893903907228e-16,0.0,1.2212453270876722e-15,5.551115123125783e-17
4,58,0.09814380959316908,0.17649383929381324,0.3479312647683093,False,4.440892098500626e-16,4.579669976578771e-16,2.220446049250313e-16,1.2212453270876722e-15,1.3877787807814457e-17
4,59,0.7270042155020453,-0.36516024547951464,0.6624007358537158,True,1.2212453270876722e-15,1.2212453270876722e-15,0.0,1.3322676295501878e-15,2.0816681711721685e-16
4,60,0.8573830889308781,-0.23974257243559527,0.7163354959096839,True,1.2212453270876722e-15,1.1657341758564144e-15,0.0,1.1102230246251565e-15,1.1102230246251565e-16
4,61,0.10673454613126998,0.2021236475196722,0.35673454613127,False,5.551115123125783e-16,5.828670879282072e-16,0.0,1.3322676295501878e-15,2.7755575615628914e-17
4,62,0.21587324326939755,0.1391648707342058,0.40810909553596064,False,6.661338147750939e-16,6.938893903907228e-16,0.0,1.3322676295501878e-15,2.7755575615628914e-17
4,63,0.20643828359756905,0.04356171640243095,0.4109930741344112,False,7.216449660063518e-16,6.938893903907228e-16,1.1102230246251565e-16,1.3322676295501878e-15,0.0
4,64,0.9844290471127899,-0.4720701711884163,0.748183392273386,True,1.4432899320127035e-15,1.3877787807814457e-15,0.0,1.3322676295501878e-15,0.0
4,65,0.4344342347223828,0.0751751023692134,0.6844342347223827,False,1.1102230246251565e-15,1.1102230246251565e-15,0.0,1.3322676295501878e-15,5.551115123125783e-17
4,66,0.8185423146054711,-0.24929353774162932,0.8631190855190997,True,1.5543122344752192e-15,1.5543122344752192e-15,4.440892098500626e-16,1.2212453270876722e-15,0.0
4,67,0.7655205662917315,-0.4826203451813005,0.8656648846330965,True,1.6653345369377348e-15,1.6653345369377348e-15,2.220446049250313e-16,1.5543122344752192e-15,2.220446049250313e-16
4,68,0.08664519538578905,0.19021827702062527,0.33308863826812307,False,4.440892098500626e-16,4.3021142204224816e-16,0.0,1.2212453270876722e-15,2.7755575615628914e-17
4,69,0.46883043881805914,-0.07579686772826555,0.6676346508118656,True,1.1102230246251565e-15,1.1657341758564144e-15,1.1102230246251565e-16,1.1102230246251565e-15,5.551115123125783e-17
4,70,0.48027704739565386,-0.019699401396561955,0.6311975163670719,True,1.1102230246251565e-15,1.1102230246251565e-15,0.0,1.4432899320127035e-15,8.326672684688674e-17
4,71,0.7447652276715148,-0.49476522767151465,0.870825889732846,True,1.6653345369377348e-15,1.6653345369377348e-15,4.440892098500626e-16,1.3322676295501878e-15,3.469446951953614e-17
4,72,0.2582642090807525,0.12013551774796119,0.5082642090807525,False,8.881784197001252e-16,8.326672684688674e-16,0.0,1.3322676295501878e-15,5.551115123125783e-17
4,73,0.6950599164610839,-0.32096147569031663,0.6343020079227266,True,1.6653345369377348e-15,1.7208456881689926e-15,0.0,1.2212453270876722e-15,6.106226635438361e-16
4,74,0.18295830418806258,0.16110741017002447,0.4329583041880626,False,6.661338147750939e-16,6.661338147750939e-16,1.1102230246251565e-16,1.2212453270876722e-15,1.3877787807814457e-17
4,75,0.48918793495693413,-0.0625519393198693,0.5183419753924443,True,8.881784197001252e-16,8.326672684688674e-16,4.440892098500626e-16,1.3322676295501878e-15,5.551115123125783e-17
4,76,0.360727391200331,-0.04857862526791212,0.43916954039875555,True,6.661338147750939e-16,6.38378239159465e-16,0.0,1.3322676295501878e-15,1.1102230246251565e-16
4,77,0.21302142090805676,0.05174873322934856,0.4617326424473682,False,7.216449660063518e-16,6.938893903907228e-16,2.220446049250313e-16,1.2212453270876722e-15,2.6020852139652106e-17
4,78,0.2901572111449159,-0.021452352944982545,0.407022245397644,True,6.661338147750939e-16,6.661338147750939e-16,0.0,1.3322676295501878e-15,0.0
4,79,0.6854537320554694,-0.09635348044197944,0.8930280361209895,True,1.6653345369377348e-15,1.6653345369377348e-15,0.0,1.2212453270876722e-15,0.0
4,80,0.40501849456107414,-0.015103988907202326,0.6550184945610742,True,1.1102230246251565e-15,1.1102230246251565e-15,0.0,1.2212453270876722e-15,5.551115123125783e-17
4,81,0.5896397285668713,-0.0924510490345391,0.7434135803057762,True,1.2212453270876722e-15,1.27675647831893e-15,0.0,1.3322676295501878e-15,5.551115123125783e-17
4,82,0.9130662939326255,-0.44729560567531024,0.8358335951658503,True,1.5543122344752192e-15,1.5543122344752192e-15,0.0,1.4432899320127035e-15,5.551115123125783e-17
4,83,0.5871020189426527,-0.12534323056847596,0.7471386314232035,True,1.2212453270876722e-15,1.2212453270876722e-15,0.0,1.3322676295501878e-15,5.551115123125783e-17
4,84,0.8209260575006222,-0.44070459636941695,0.9527285808994512,True,1.7763568394002505e-15,1.7763568394002505e-15,4.440892098500626e-16,1.3322676295501878e-15,2.914335439641036e-16
4,85,0.6717346437028635,-0.4217346437028635,0.6334460642562947,True,1.2212453270876722e-15,1.1657341758564144e-15,0.0,1.3322676295501878e-15,1.1102230246251565e-16
4,86,0.6334130603345123,-0.13002258203358874,0.7979267759617928,True,1.5543122344752192e-15,1.5543122344752192e-15,0.0,1.5543122344752192e-15,0.0
4,87,0.3156359122948893,-0.01206352810368111,0.46427882556397326,True,5.551115123125783e-16,5.551115123125783e-16,0.0,1.3322676295501878e-15,1.6653345369377348e-16
4,88,0.7711360930808467,-0.19110056194724023,1.0211360930808469,True,1.9984014443252818e-15,1.9984014443252818e-15,4.440892098500626e-16,1.3322676295501878e-15,1.1102230246251565e-16
4,89,0.9341685679681686,-0.5186780789728535,0.7372674075537538,True,1.4432899320127035e-15,1.3877787807814457e-15,0.0,1.3322676295501878e-15,0.0
4,90,0.9604090562781827,-0.5768546038584604,1.0146189754477226,True,1.7763568394002505e-15,1.7763568394002505e-15,4.440892098500626e-16,1.1102230246251565e-15,2.7755575615628914e-17
4,91,0.7159348461728378,-0.4104282157816447,0.6880791519049863,True,1.0547118733938987e-15,9.992007221626409e-16,0.0,1.3322676295501878e-15,2.7755575615628914e-16
4,92,0.49704114734368987,-0.19559481932459144,0.6651472307619869,True,1.1102230246251565e-15,1.1102230246251565e-15,0.0,1.3322676295501878e-15,4.163336342344337e-17
4,93,0.49913042064681495,-0.04844947515569348,0.5240126275766008,True,7.771561172376096e-16,7.771561172376096e-16,2.220446049250313e-16,1.2212453270876722e-15,5.551115123125783e-17
4,94,0.13952867473233868,0.13691228265921088,0.3488963061635837,False,4.996003610813204e-16,4.718447854656915e-16,0.0,1.3322676295501878e-15,1.3877787807814457e-17
4,95,0.8258352713507284,-0.1794346638056657,1.0344401304604132,True,1.9984014443252818e-15,1.887379141862766e-15,4.440892098500626e-16,1.3322676295501878e-15,1.457167719820518e-16
4,96,0.19043800021774587,0.12576268073009692,0.44043800021774593,False,7.216449660063518e-16,6.938893903907228e-16,1.1102230246251565e-16,1.3322676295501878e-15,0.0
4,97,0.2371992822133872,0.01280071778661282,0.3947260582860843,False,6.661338147750939e-16,6.38378239159465e-16,1.1102230246251565e-16,1.4432899320127035e-15,6.938893903907228e-18
4,98,0.5790310534444648,-0.3290310534444648,0.5605818001964711,True,8.881784197001252e-16,8.881784197001252e-16,2.220446049250313e-16,1.2212453270876722e-15,2.7755575615628914e-17
4,99,0.7260306396711828,-0.10403577964663824,0.976030639671183,True,1.7763568394002505e-15,1.7763568394002505e-15,0.0,1.4432899320127035e-15,1.6653345369377348e-16
5,0,0.8182894560386363,-0.45480066155946114,0.7309425393048163,True,1.7763568394002505e-15,1.7763568394002505e-15,0.0,2.1094237467877974e-15,5.551115123125783e-17
5,1,0.606036418026399,-0.19231803530610436,0.6491589300323244,True,1.5543122344752192e-15,1.609823385706477e-15,0.0,1.7763568394002505e-15,2.7755575615628914e-17
5,2,0.8880231177286267,-0.31724013002815593,0.6627884014625884,True,1.6653345369377348e-15,1.6653345369377348e-15,1.1102230246251565e-16,2.1094237467877974e-15,5.551115123125783e-17
5,3,0.8140067407965325,-0.2275310206449751,0.8613315144982827,True,2.220446049250313e-15,2.220446049250313e-15,0.0,1.9984014443252818e-15,5.551115123125783e-17
5,4,0.40043547889392206,-0.200435478893922,0.4594529097577621,True,1.1657341758564144e-15,1.1657341758564144e-15,0.0,1.9984014443252818e-15,0.0
5,5,0.17165801183879104,0.028435567492038377,0.28430956181004335,False,6.106226635438361e-16,6.245004513516506e-16,1.1102230246251565e-16,1.9984014443252818e-15,9.893344823930228e-18
5,6,0.9436734875348354,-0.2400562201988261,1.042048189338758,True,2.6645352591003757e-15,2.55351295663786e-15,0.0,1.7763568394002505e-15,9.71445146547012e-17
5,7,0.8796003876225031,-0.27359972523999015,0.5490365076184395,True,1.3322676295501878e-15,1.3322676295501878e-15,0.0,2.1094237467877974e-15,1.1102230246251565e-16
5,8,0.3769763968969983,-0.019065490144621028,0.4154749158454192,True,1.0547118733938987e-15,1.0824674490095276e-15,0.0,1.9984014443252818e-15,1.1102230246251565e-16
5,9,0.4974977543636718,-0.05852846055932498,0.5457573840962582,True,1.3322676295501878e-15,1.3322676295501878e-15,0.0,1.9984014443252818e-15,5.551115123125783e-17
5,10,0.06868190156540868,0.14770490746272955,0.25679568014503495,False,5.551115123125783e-16,5.412337245047638e-16,0.0,1.9984014443252818e-15,1.734723475976807e-18
5,11,0.3325887545603061,0.01559546106699461,0.49549558143104633,False,1.1657341758564144e-15,1.1657341758564144e-15,1.1102230246251565e-16,1.887379141862766e-15,5.551115123125783e-17
5,12,0.06558403452584816,0.13931785838202262,0.24660027188555325,False,5.273559366969494e-16,5.204170427930421e-16,0.0,2.1094237467877974e-15,1.474514954580286e-17
5,13,0.21456550667804913,0.06909728012901398,0.31208065831486403,False,6.661338147750939e-16,6.661338147750939e-16,0.0,1.7763568394002505e-15,5.074066167232161e-17
5,14,0.8341883008063946,-0.06797093676655641,1.0341883008063948,True,2.6645352591003757e-15,2.55351295663786e-15,0.0,1.9984014443252818e-15,3.0531133177191805e-16
5,15,0.4836568603700611,-0.15119051398656796,0.5311057157007684,True,1.2212453270876722e-15,1.2212453270876722e-15,0.0,1.9984014443252818e-15,2.7755575615628914e-17
5,16,0.1149047583650643,0.0989758142492618,0.254045344377707,False,6.106226635438361e-16,5.898059818321144e-16,0.0,1.9984014443252818e-15,6.938893903907228e-18
5,17,0.9373604726501955,-0.300142837102589,0.901648751738551,True,2.220446049250313e-15,2.220446049250313e-15,0.0,2.1094237467877974e-15,0.0
5,18,0.7189824672047732,-0.086133132352814,0.8323658740765565,True,2.220446049250313e-15,2.1094237467877974e-15,0.0,2.1094237467877974e-15,5.551115123125783e-17
5,19,0.29778798221039016,-0.08380408648324589,0.4959035327247024,True,1.27675647831893e-15,1.27675647831893e-15,0.0,2.220446049250313e-15,8.304988641238964e-17
5,20,0.5858249265691327,-0.1129824382133458,0.5749898436515438,True,1.4432899320127035e-15,1.4432899320127035e-15,0.0,1.887379141862766e-15,6.938893903907228e-17
5,21,0.46267301353878554,-0.08388886476705687,0.43417660399412816,True,1.0547118733938987e-15,1.0547118733938987e-15,0.0,1.9984014443252818e-15,0.0
5,22,0.7329795309369054,-0.40916468792627486,0.48114401249586347,True,1.2212453270876722e-15,1.2212453270876722e-15,2.220446049250313e-16,2.1094237467877974e-15,2.636779683484747e-16
5,23,0.2726667500140468,0.04369307963396343,0.47266675001404684,False,1.3322676295501878e-15,1.3322676295501878e-15,0.0,1.9984014443252818e-15,1.6653345369377348e-16
5,24,0.8628402695551457,-0.3014775443235808,0.811838393891569,True,1.9984014443252818e-15,1.9984014443252818e-15,4.440892098500626e-16,1.9984014443252818e-15,1.6653345369377348e-16
5,25,0.18275944451251913,0.12351906675486535,0.30572766099553234,False,6.106226635438361e-16,6.106226635438361e-16,0.0,1.7763568394002505e-15,0.0
5,26,0.4070035069485975,-0.1750570811119792,0.4558738886000856,True,9.992007221626409e-16,9.992007221626409e-16,0.0,1.7763568394002505e-15,3.469446951953614e-17
5,27,0.1237429976479659,0.11538072302316393,0.29318338419227163,False,7.216449660063518e-16,6.938893903907228e-16,0.0,2.220446049250313e-15,2.0816681711721685e-17
5,28,0.6798847555306254,-0.1649023318468062,0.7587188910356533,True,1.7763568394002505e-15,1.7763568394002505e-15,4.440892098500626e-16,1.887379141862766e-15,5.551115123125783e-17
5,29,0.6618602769868274,-0.3454662302698415,0.44223124471900604,True,1.0547118733938987e-15,1.0269562977782698e-15,4.440892098500626e-16,1.9984014443252818e-15,2.7755575615628914e-17
5,30,0.629969435994659,-0.03145067630118403,0.7526762523513346,True,1.887379141862766e-15,1.887379141862766e-15,0.0,1.9984014443252818e-15,4.163336342344337e-17
5,31,0.06933777213761672,0.13332658369862188,0.24468093017726925,False,5.273559366969494e-16,5.204170427930421e-16,0.0,1.9984014443252818e-15,1.0408340855860843e-17
5,32,0.35932643576774376,0.011761562692167438,0.42257422539712863,False,9.992007221626409e-16,1.0269562977782698e-15,0.0,1.9984014443252818e-15,6.938893903907228e-18
5,33,0.713304526016884,-0.14599090886710114,0.6582879228595291,True,1.6653345369377348e-15,1.6653345369377348e-15,0.0,1.9984014443252818e-15,5.551115123125783e-17
5,34,0.36449881372826703,-0.10705939262864939,0.37051460863033747,True,7.771561172376096e-16,8.049116928532385e-16,2.220446049250313e-16,1.9984014443252818e-15,2.3592239273284576e-16
5,35,0.99599063010927,-0.31654716570008895,0.5871022501798839,True,1.5543122344752192e-15,1.4988010832439613e-15,0.0,1.887379141862766e-15,5.551115123125783e-17
5,36,0.49573014341217403,-0.10343737037569345,0.40659930836126035,True,9.992007221626409e-16,9.71445146547012e-16,1.1102230246251565e-16,1.9984014443252818e-15,0.0
5,37,0.7142234307611296,-0.05579594347506067,0.9142234307611297,True,2.220446049250313e-15,2.1094237467877974e-15,0.0,1.887379141862766e-15,8.326672684688674e-17
5,38,0.8403713147377015,-0.2959833037296489,0.6104569261596458,True,1.5543122344752192e-15,1.5543122344752192e-15,0.0,1.9984014443252818e-15,2.220446049250313e-16
5,39,0.1680405633888594,0.0986543293089099,0.3382983888723724,False,7.771561172376096e-16,7.771561172376096e-16,0.0,1.9984014443252818e-15,3.8163916471489756e-17
5,40,0.7335288530778118,-0.11662736646076044,0.7260982945342964,True,1.6653345369377348e-15,1.7763568394002505e-15,4.440892098500626e-16,1.887379141862766e-15,0.0
5,41,0.9448682030962303,-0.43479062620862535,0.8999991374320295,True,2.1094237467877974e-15,2.220446049250313e-15,0.0,1.887379141862766e-15,1.1102230246251565e-16
5,42,0.09529808984906346,0.1548295425564233,0.28943384433897756,False,6.661338147750939e-16,6.661338147750939e-16,0.0,1.9984014443252818e-15,6.938893903907228e-18
5,43,0.623793626895756,-0.21040562527026507,0.5219415361200375,True,1.2212453270876722e-15,1.27675647831893e-15,0.0,1.887379141862766e-15,5.551115123125783e-17
5,44,0.6449748664605826,-0.33280446652332113,0.5443508957043759,True,1.2212453270876722e-15,1.27675647831893e-15,0.0,1.887379141862766e-15,6.938893903907228e-17
5,45,0.7363449824599679,-0.466039398967331,0.5887344454021295,True,1.5543122344752192e-15,1.5543122344752192e-15,0.0,1.9984014443252818e-15,1.1102230246251565e-16
5,46,0.6053288300509184,-0.31447804675009,0.46114524820853864,True,1.1102230246251565e-15,1.1102230246251565e-15,0.0,1.9984014443252818e-15,1.3877787807814457e-17
5,47,0.3228365910126499,0.07119947976334662,0.4929709530474816,False,1.1657341758564144e-15,1.1657341758564144e-15,0.0,2.1094237467877974e-15,2.220446049250313e-16
5,48,0.20537391224285334,0.0004123378142187051,0.31244149407622573,False,7.771561172376096e-16,7.771561172376096e-16,1.1102230246251565e-16,1.9984014443252818e-15,1.3877787807814457e-17
5,49,0.3425869836771037,0.010472780797572634,0.4958304667909318,False,1.1657341758564144e-15,1.1657341758564144e-15,0.0,1.9984014443252818e-15,8.326672684688674e-17
5,50,0.37767451215319897,-0.10940219681770519,0.3916393028199199,True,9.43689570931383e-16,9.71445146547012e-16,2.220446049250313e-16,2.1094237467877974e-15,2.168404344971009e-17
5,51,0.6565941425764948,-0.09425154562030597,0.7371878622313455,True,1.887379141862766e-15,1.887379141862766e-15,0.0,2.1094237467877974e-15,1.1102230246251565e-16
5,52,0.27551180454737395,0.08518239898190395,0.372992106265685,False,8.326672684688674e-16,8.326672684688674e-16,0.0,1.9984014443252818e-15,1.3877787807814457e-17
5,53,0.4320982317808315,-0.06993458265743657,0.45358764476872027,True,1.0547118733938987e-15,1.0547118733938987e-15,0.0,1.9984014443252818e-15,5.551115123125783e-17
5,54,0.32885061848710323,0.03696382566879902,0.5228851206781961,False,1.4432899320127035e-15,1.3877787807814457e-15,2.220446049250313e-16,2.1094237467877974e-15,4.336808689942018e-18
5,55,0.38908021089048617,-0.06864259330256178,0.37557081787200186,True,8.326672684688674e-16,8.326672684688674e-16,0.0,1.9984014443252818e-15,2.7755575615628914e-17
5,56,0.3086061390884196,0.04317295621598666,0.4405122523447155,False,1.1102230246251565e-15,1.1102230246251565e-15,0.0,1.9984014443252818e-15,2.7755575615628914e-17
5,57,0.22886524968916522,0.03012846994901408,0.3244709961997327,False,7.771561172376096e-16,7.771561172376096e-16,0.0,1.9984014443252818e-15,1.3877787807814457e-17
5,58,0.5046479864003829,-0.07404975388901763,0.5215842675765452,True,1.3322676295501878e-15,1.3322676295501878e-15,0.0,1.9984014443252818e-15,0.0
5,59,0.37364987367671887,-0.14380947705974012,0.4240060138449486,True,1.0547118733938987e-15,1.0547118733938987e-15,0.0,1.9984014443252818e-15,3.8163916471489756e-17
5,60,0.6272856058067314,-0.1421270784345089,0.5814620059471522,True,1.4432899320127035e-15,1.3877787807814457e-15,0.0,1.9984014443252818e-15,2.220446049250313e-16
5,61,0.27119091098176396,0.03739488763869739,0.39151954222068264,False,9.43689570931383e-16,9.159339953157541e-16,2.220446049250313e-16,2.1094237467877974e-15,4.85722573273506e-17
5,62,0.79975488098523,-0.2682114073352507,0.7553232024496028,True,1.887379141862766e-15,1.9984014443252818e-15,0.0,1.7763568394002505e-15,2.220446049250313e-16
5,63,0.6470424788847047,-0.44704247888470466,0.6070906637108509,True,1.4432899320127035e-15,1.4988010832439613e-15,0.0,1.9984014443252818e-15,0.0
5,64,0.7437021791951481,-0.1944908286090647,0.771783717219138,True,1.9984014443252818e-15,1.887379141862766e-15,0.0,1.887379141862766e-15,0.0
5,65,0.08620405212978621,0.16225434059828264,0.2753365272986605,False,6.106226635438361e-16,6.106226635438361e-16,0.0,1.9984014443252818e-15,6.938893903907228e-18
5,66,0.7191655751651623,-0.37174775068699956,0.8297313184871498,True,2.1094237467877974e-15,2.220446049250313e-15,4.440892098500626e-16,2.220446049250313e-15,5.551115123125783e-17
5,67,0.5091048875662048,-0.08041992015122384,0.5858989284946869,True,1.6653345369377348e-15,1.609823385706477e-15,0.0,2.1094237467877974e-15,1.3877787807814457e-17
5,68,0.22593258235876468,-0.013583991936149509,0.34789288497126325,True,8.326672684688674e-16,8.049116928532385e-16,0.0,1.9984014443252818e-15,2.0816681711721685e-17
5,69,0.12288193429571943,0.11922012784198009,0.2607701477618825,False,5.551115123125783e-16,5.759281940243e-16,1.1102230246251565e-16,1.887379141862766e-15,0.0
5,70,0.41205589371997187,-0.00517658667673071,0.4214617425579249,True,9.992007221626409e-16,9.71445146547012e-16,0.0,2.1094237467877974e-15,1.1102230246251565e-16
5,71,0.31828890917297475,-0.10918753425290234,0.31918176988430447,True,7.771561172376096e-16,7.632783294297951e-16,1.1102230246251565e-16,2.1094237467877974e-15,5.551115123125783e-17
5,72,0.855921951030196,-0.25729313914057206,0.6772204410604552,True,1.5543122344752192e-15,1.609823385706477e-15,0.0,1.7763568394002505e-15,1.6653345369377348e-16
5,73,0.4654167458662825,-0.11274333319153573,0.6136507658512785,True,1.3322676295501878e-15,1.3322676295501878e-15,0.0,1.7763568394002505e-15,0.0
5,74,0.9515833256692401,-0.3375283228168861,0.6418044687591382,True,1.6653345369377348e-15,1.609823385706477e-15,0.0,1.887379141862766e-15,5.551115123125783e-17
5,75,0.4003544534688919,-0.05470519342245311,0.6003544534688918,True,1.4432899320127035e-15,1.4988010832439613e-15,0.0,1.9984014443252818e-15,2.0816681711721685e-16
5,76,0.6752208596679595,-0.11705879398741548,0.7344247733370566,True,2.1094237467877974e-15,2.1094237467877974e-15,0.0,2.220446049250313e-15,3.3306690738754696e-16
5,77,0.15465742493221835,0.08141587168158311,0.3175474166745684,False,6.661338147750939e-16,6.800116025829084e-16,0.0,1.9984014443252818e-15,1.3877787807814457e-17
5,78,0.8407528522010158,-0.6059688273511894,0.704878126318577,True,1.6653345369377348e-15,1.6653345369377348e-15,0.0,1.9984014443252818e-15,1.1102230246251565e-16
5,79,0.23142056459358817,0.02337135476098584,0.33940224840989475,False,8.881784197001252e-16,8.604228440844963e-16,0.0,2.220446049250313e-15,2.7755575615628914e-17
5,80,0.80973048810624,-0.5762173503234329,0.5518483231934188,True,1.5543122344752192e-15,1.6653345369377348e-15,0.0,2.4424906541753444e-15,0.0
5,81,0.26084639807826776,0.04491516551025887,0.40494267393033034,False,9.992007221626409e-16,9.71445146547012e-16,0.0,1.9984014443252818e-15,4.163336342344337e-17
5,82,0.6074959756850093,-0.21498605795058862,0.4451122768844237,True,1.1102230246251565e-15,1.1379786002407855e-15,2.220446049250313e-16,1.9984014443252818e-15,0.0
5,83,0.31203120769444587,-0.055930083735175495,0.4049920978279782,True,9.992007221626409e-16,9.71445146547012e-16,0.0,2.1094237467877974e-15,3.729655473350135e-17
5,84,0.6485971936470758,-0.2097316538198803,0.6301490434976669,True,1.6653345369377348e-15,1.609823385706477e-15,0.0,1.9984014443252818e-15,5.551115123125783e-17
5,85,0.9159400053443848,-0.26966039193295904,1.1159400053443849,True,2.6645352591003757e-15,2.55351295663786e-15,0.0,1.6653345369377348e-15,1.1102230246251565e-16
5,86,0.2778214370820895,0.00041844741314689404,0.3237966947217156,False,7.771561172376096e-16,7.91033905045424e-16,0.0,1.9984014443252818e-15,2.7755575615628914e-17
5,87,0.8682877581440678,-0.3630041804909813,0.592253562191088,True,1.5543122344752192e-15,1.609823385706477e-15,2.220446049250313e-16,1.9984014443252818e-15,1.1102230246251565e-16
5,88,0.5073779358915628,-0.1222323897587334,0.43038666927931024,True,9.992007221626409e-16,9.992007221626409e-16,0.0,1.887379141862766e-15,2.7755575615628914e-17
5,89,0.6472018055228492,-0.37733606793404356,0.5710468111626553,True,1.4432899320127035e-15,1.4432899320127035e-15,0.0,1.9984014443252818e-15,1.3877787807814457e-17
5,90,0.953180143312889,-0.42531841331423964,0.6174741172277991,True,1.5543122344752192e-15,1.4988010832439613e-15,0.0,2.220446049250313e-15,0.0
5,91,0.821656844192283,-0.34385850213207964,0.926889084040665,True,2.220446049250313e-15,2.220446049250313e-15,0.0,1.9984014443252818e-15,2.220446049250313e-16
5,92,0.9258569438650357,-0.5779546921753764,0.8809433542256933,True,2.220446049250313e-15,2.1094237467877974e-15,0.0,1.887379141862766e-15,1.1102230246251565e-16
5,93,0.4867794849550217,-0.10959049883304661,0.6745315174866651,True,1.9984014443252818e-15,1.942890293094024e-15,0.0,1.9984014443252818e-15,2.220446049250313e-16
5,94,0.550394303483329,-0.22729436762756633,0.44025176757371,True,9.992007221626409e-16,1.0269562977782698e-15,0.0,1.9984014443252818e-15,1.1102230246251565e-16
5,95,0.6405862072444809,-0.1878403979827436,0.6380466415775065,True,1.7763568394002505e-15,1.7763568394002505e-15,0.0,1.9984014443252818e-15,0.0
5,96,0.8236004176442548,-0.2728350003316235,0.7052956787620832,True,1.887379141862766e-15,1.887379141862766e-15,0.0,1.9984014443252818e-15,5.551115123125783e-17
5,97,0.6932010884643696,-0.16062303046002552,0.7641237130110778,True,1.887379141862766e-15,1.887379141862766e-15,0.0,1.887379141862766e-15,5.551115123125783e-17
5,98,0.3020437942971507,0.03798226817982542,0.4095232842279478,False,1.1657341758564144e-15,1.1379786002407855e-15,0.0,2.220446049250313e-15,5.551115123125783e-17
5,99,0.2187968896044628,0.05942634094423613,0.4086638390910784,False,9.43689570931383e-16,9.159339953157541e-16,0.0,1.9984014443252818e-15,4.163336342344337e-17
