audit_id,dataset_index,test_position,target_decile,target,raw__MedInc,std__MedInc,raw__HouseAge,std__HouseAge,raw__AveRooms,std__AveRooms,raw__AveBedrms,std__AveBedrms,raw__Population,std__Population,raw__AveOccup,std__AveOccup,raw__Latitude,std__Latitude,raw__Longitude,std__Longitude
0,18834,2829,1,0.557,2.0591,-0.9537871498438818,15.0,-1.0839591705245084,4.840046029919447,-0.25059300965263426,1.0609896432681243,-0.07854294914438714,1863.0,0.3612123525219688,2.143843498273878,-0.07925880171712575,41.74,2.8602501483479883,-122.61,-1.519490418754841
1,12797,1891,1,0.598,2.5643,-0.6913610208679201,37.0,0.6611628264478067,4.763975155279503,-0.2825239640196759,0.9782608695652174,-0.2720771874787576,1147.0,-0.24871444720818003,3.562111801242236,0.03526931555227014,38.62,1.4004630118484898,-121.45,-0.9403420475869437
2,19817,2969,1,0.656,2.5521,-0.6976983106017022,21.0,-0.608016807713877,4.790291262135923,-0.2714777073396024,1.0097087378640777,-0.19850859742185387,1721.0,0.2402492162626376,3.341747572815534,0.017474445468512557,36.55,0.4319503924401699,-119.29,0.13807216079465948
3,2319,337,1,0.682,2.3173,-0.8196651654780992,25.0,-0.2907218991734561,4.9152892561983474,-0.21900946291267123,1.115702479338843,0.04945129738084282,1482.0,0.03665633199517173,3.06198347107438,-0.005117088012788774,36.82,0.5582781254064739,-119.7,-0.06662683246295827
4,2961,430,1,0.699,2.575,-0.6858029061014059,20.0,-0.6873405348489823,4.788018433179723,-0.27243173341105215,1.0952380952380953,0.0015772771017166344,4584.0,2.679104562110984,2.3471582181259603,-0.06284071493546471,35.35,-0.1295061985211729,-119.06,0.25290330335381384
5,9528,1405,1,0.7,2.3125,-0.8221585253733578,38.0,0.7404865535829118,4.45,-0.41431588048004375,0.95,-0.33819016874465985,196.0,-1.0588267189167995,3.2666666666666666,0.01141150603306652,39.12,1.6344032580823835,-123.19,-1.8090646043387897
6,2903,420,1,0.725,2.0455,-0.9608516695471143,52.0,1.851018733474385,3.8979591836734695,-0.6460364988941114,1.0612244897959184,-0.07799355330727084,106.0,-1.1354934954191924,2.163265306122449,-0.07769045031125327,35.39,-0.1107909788224618,-119.02,0.2728739368423652
7,2561,372,1,0.741,1.755,-1.1117518882080741,47.0,1.454400097798859,4.5167173252279635,-0.38631110365279603,1.0182370820668694,-0.17855753897309748,765.0,-0.5741223208072259,2.325227963525836,-0.0646116286372897,40.8,2.420442485428266,-124.15,-2.288359808063951
8,9579,1411,1,0.797,2.4012,-0.7760833123088927,18.0,-0.8459879891191927,5.234793187347932,-0.08489682790070599,1.0206812652068127,-0.17283965991885955,5303.0,3.2915869210578794,3.225669099756691,0.008100867177922924,37.37,0.8156123962637557,-120.5,-0.46603950223392165
9,12279,1816,1,0.819,1.4063,-1.292884095599044,22.0,-0.5286930805787718,4.1732776617954075,-0.5304708267110971,1.0375782881002087,-0.13331106171268414,1304.0,-0.11497351486511667,2.722338204592902,-0.0325441501759723,33.94,-0.7892176929007547,-116.96,1.3013615615026006
10,5210,775,2,0.904,1.5114,-1.2382899028924452,39.0,0.8198102807180171,4.59927797833935,-0.3516560473057961,1.0180505415162455,-0.17899392865672928,975.0,-0.39523317563497556,3.51985559566787,0.031857039005405326,33.92,-0.7985753027501087,-118.28,0.6423306563805051
11,7482,1107,2,0.932,2.0658,-0.9503068349900835,30.0,0.10589673650207003,5.461904761904762,0.010433866766937893,1.2380952380952381,0.3357747648194635,1219.0,-0.1873810260062656,5.804761904761905,0.2163679789804507,33.93,-0.7938964978254317,-118.23,0.6672939482411889
12,13055,1942,2,0.961,2.7356,-0.6023792396058807,22.0,-0.5286930805787718,5.237076648841355,-0.08393833879314011,1.103386809269162,0.020640235402906704,1501.0,0.05284154036789914,2.6755793226381464,-0.03632002721185608,38.61,1.3957842069238129,-121.28,-0.8554668552606128
13,12827,1900,2,0.962,4.0625,0.08687893643965347,10.0,-1.4805778062000345,5.916859122401847,0.20140218404839827,1.0623556581986142,-0.07534731783870445,1478.0,0.03324891970617648,3.4133949191685913,0.023260117804268794,38.7,1.4378934512459154,-121.42,-0.925364072470532
14,2997,439,2,1.002,2.5575,-0.6948932807195362,12.0,-1.321930351929824,5.202676864244742,-0.09837774096104611,1.0497131931166348,-0.10492287832140249,1294.0,-0.12349204558760478,2.4741873804971317,-0.052582845691521496,35.32,-0.14354261329520704,-119.03,0.2678812784702256
15,5030,750,2,1.01,1.9732,-0.9984079029694461,47.0,1.454400097798859,4.961038961038961,-0.19980590117520466,1.0746753246753247,-0.046526906736444176,864.0,-0.4897888666545936,2.8051948051948052,-0.025853307230094234,33.98,-0.7705024732020437,-118.32,0.6223600228919608
16,9116,1342,2,1.026,2.0547,-0.9560727297478688,13.0,-1.242606624794719,4.867783985102421,-0.2389499283107312,1.2104283054003724,0.2710512290231026,1949.0,0.43447171673536655,3.629422718808194,0.04070481223817235,34.58,-0.4897741777213706,-118.12,0.7222131903346963
17,20015,2995,2,1.034,2.7298,-0.605392049479318,25.0,-0.2907218991734561,5.968253968253968,0.22297530891876086,1.0761904761904761,-0.042982387927316665,1003.0,-0.37138128961200884,3.184126984126984,0.004746254880306045,36.09,0.21672536590499067,-119.08,0.24291798660954173
18,1857,260,2,1.059,2.4605,-0.7452799286028858,20.0,-0.6873405348489823,5.200389105058366,-0.09933803403679566,1.046692607003891,-0.11198918435360089,1282.0,-0.13371428245459052,2.4941634241245136,-0.0509697385929936,41.76,2.8696077581973425,-124.17,-2.2983451248082236
19,19048,2855,2,1.075,3.2672,-0.3262396312059968,32.0,0.2645441907722805,5.204379562043796,-0.09766302897725743,1.0705596107055961,-0.05615513561838097,1154.0,-0.24275147570243835,2.807785888077859,-0.02564407189453467,38.45,1.3209233281289685,-121.83,-1.1300630657281496
20,9519,1403,3,1.089,1.6571,-1.1626060410717851,31.0,0.18522046363717526,4.289137380191693,-0.4818383980897556,1.0782747603833867,-0.03810645014059313,1367.0,-0.06130677131344156,2.18370607028754,-0.07603981606209467,39.15,1.6484396728564177,-123.21,-1.8190499210830617
21,2993,438,3,1.098,3.6852,-0.10910954032723173,3.0,-2.035843896145771,5.698989898989899,0.10995099114865473,1.0484848484848486,-0.10779644615136424,1353.0,-0.07323271432492491,2.7333333333333334,-0.031656270646308764,35.3,-0.15290022314456425,-119.09,0.23792532823740212
22,11936,1761,3,1.16,3.1458,-0.38930085855691077,42.0,1.0577814621233328,4.645320197044335,-0.3323297020864883,0.8423645320197044,-0.5899906896630314,466.0,-0.8288263894096204,2.2955665024630543,-0.06700685335173195,33.94,-0.7892176929007547,-117.4,1.0816845931285641
23,9470,1395,3,1.162,3.2171,-0.35226407511275787,16.0,-1.0046354433894031,4.871980676328502,-0.23718835587362141,1.0217391304347827,-0.17036490860813874,1177.0,-0.2231588550407157,2.842995169082126,-0.022800849173285027,39.44,1.7841250156720756,-123.79,-2.1086241066670173
24,16444,2494,3,1.167,2.8942,-0.5199944730667128,27.0,-0.13207444490324566,5.229166666666667,-0.08725857509986781,1.0,-0.2212210480434483,470.0,-0.8254189771206252,2.4479166666666665,-0.05470426050988071,38.13,1.1712015705392764,-121.3,-0.865452172004885
25,12155,1793,3,1.172,3.125,-0.40010541810303113,12.0,-1.321930351929824,5.786377708978328,0.14663225958658926,1.1021671826625388,0.017787062367696026,1007.0,-0.36797387732301357,3.1176470588235294,-0.0006221374508765701,33.66,-0.9202242307917358,-117.22,1.1715524438270346
26,13083,1945,3,1.18,2.7679,-0.5856010053107032,18.0,-0.8459879891191927,6.1354466858789625,0.29315490212383366,1.0461095100864553,-0.11335327102792207,815.0,-0.5315296671947853,2.3487031700288186,-0.06271595685384095,38.56,1.3723901823004248,-121.37,-0.9004007806098481
27,12928,1921,3,1.216,3.5852,-0.16105453814511814,36.0,0.5818390993127014,5.4411764705882355,0.0017331106987644592,0.9575163398692811,-0.3206065754366344,846.0,-0.5051222219550722,2.764705882352941,-0.029122872018110226,38.65,1.414499426622524,-121.3,-0.865452172004885
28,15342,2297,3,1.256,3.676,-0.11388848012647722,35.0,0.5025153721775962,4.770562770562771,-0.2797587947746362,1.0432900432900434,-0.11994908206837324,1435.0,-0.003380762400522399,3.106060606060606,-0.001557767626063543,33.22,-1.126091647477561,-117.37,1.0966625682449758
29,13936,2087,3,1.286,5.2185,0.6873631112144196,16.0,-1.0046354433894031,11.028571428571428,2.3470571822103334,2.0095238095238095,2.1404411984952976,853.0,-0.4991592504493305,2.707936507936508,-0.03370711715485043,34.24,-0.6488535451604166,-117.28,1.1415964935942111
30,243,31,4,1.375,3.0536,-0.43719414654500205,49.0,1.6130475520690695,3.6653061224489796,-0.7436932475048461,0.9959183673469387,-0.23076954769252692,779.0,-0.5621963777957425,3.179591836734694,0.004380032289495042,37.78,1.0074433981755502,-122.21,-1.3197840838693558
31,12361,1835,4,1.375,1.7204,-1.129724857453063,5.0,-1.8771964418755607,11.29896907216495,2.460557320856125,2.8268041237113404,4.052372392833804,1050.0,-0.3313441952163147,2.1649484536082473,-0.07755453264868425,33.84,-0.8360057421475309,-116.48,1.5410091633651744
32,6134,912,4,1.385,2.25,-0.8546241490095368,34.0,0.42319164504249096,3.9812206572769955,-0.6110872712593497,1.0704225352112675,-0.05647580761920703,1609.0,0.14484167217077074,3.776995305164319,0.05262160572539128,34.07,-0.7283932288799412,-118.0,0.7821250908003433
33,1951,277,4,1.426,2.8807,-0.5270070477721275,17.0,-0.925311716254298,5.724288840262582,0.12057028983735857,1.0765864332603938,-0.04205609292124267,1158.0,-0.2393440634134431,2.533916849015317,-0.047759566795298386,38.73,1.4519298660199462,-120.84,-0.6357898868865833
34,10023,1477,4,1.444,2.8102,-0.5636282712337374,13.0,-1.242606624794719,5.693548387096774,0.10766690188624681,1.1187683284457477,0.056623490865587475,1816.0,0.3211752581262747,2.662756598240469,-0.037355488894569217,39.23,1.6858701122538398,-121.15,-0.7905622964228334
35,9457,1390,4,1.458,1.5278,-1.229770923250312,19.0,-0.7666642619840874,6.436123348017621,0.41936474029680726,1.497797356828194,0.9433173342681727,515.0,-0.7870855888694287,2.2687224669603525,-0.06917456508836367,39.83,1.9665984077345129,-123.84,-2.1335873985277014
36,2358,347,4,1.487,4.526,0.3276440013255566,19.0,-0.7666642619840874,7.042780748663102,0.6740108169736663,1.0106951871657754,-0.1962009152731356,517.0,-0.785381882724931,2.764705882352941,-0.029122872018110226,36.79,0.5442417106324398,-119.63,-0.03167822385799515
37,15340,2296,4,1.516,3.0704,-0.4284673869115972,18.0,-0.8459879891191927,5.365748709122203,-0.029927895182655033,1.0611015490533562,-0.07828115871838805,4127.0,2.2898077080932775,3.5516351118760756,0.03442330108109331,33.19,-1.1401280622515952,-117.29,1.1366038352220715
38,7011,1030,4,1.556,2.4607,-0.7451760386072501,32.0,0.2645441907722805,4.287515762925599,-0.48251907630161456,1.0416141235813368,-0.12386969916223811,3017.0,1.344250797897097,3.8045397225725095,0.05484587475857774,33.97,-0.7751812781267206,-118.07,0.7471764821953873
39,4943,740,4,1.563,2.1382,-0.9126986565699338,46.0,1.3750763706637537,2.935828877005348,-1.049893284592693,1.13903743315508,0.1040406779706154,1510.0,0.06050821801813844,4.037433155080214,0.0736525041485808,34.02,-0.7517872535033292,-118.28,0.6423306563805051
40,10139,1499,5,1.595,3.4954,-0.20770114618558003,8.0,-1.639225260470245,4.51063829787234,-0.388862791746395,1.1574468085106382,0.14710724693057903,1281.0,-0.13456613552683933,2.725531914893617,-0.032286251422203885,33.92,-0.7985753027501087,-117.89,0.8370443328938507
41,13689,2055,5,1.6,3.1513,-0.386443883676927,14.0,-1.1632828976596137,5.526096033402923,0.03737832574248759,1.0939457202505218,-0.001446082216537612,989.0,-0.3833072326234922,2.0647181628392484,-0.08564833723496193,34.14,-0.695641594407196,-117.2,1.1815377605713067
42,12306,1823,5,1.611,3.5882,-0.15949618821058148,21.0,-0.608016807713877,13.568627450980392,3.4132525339156983,2.788235294117647,3.96214515115282,658.0,-0.6652705995378487,2.5803921568627453,-0.04400658895877667,33.71,-0.8968302061683444,-116.68,1.4411559959224318
43,14526,2167,5,1.634,3.6196,-0.14318545889576512,17.0,-0.925311716254298,4.9366666666666665,-0.21003623733349552,1.05,-0.10425192734223673,1002.0,-0.37223314268425767,3.34,0.017333325326480613,32.92,-1.2664557952178959,-117.13,1.2164863691762697
44,17733,2686,5,1.645,4.5045,0.31647582679471126,15.0,-1.0839591705245084,5.299120234604105,-0.057895376685303986,1.1085043988269794,0.032612234416658455,1277.0,-0.13797354781583457,3.7448680351906156,0.05002726180936855,37.31,0.7875395667156907,-121.8,-1.115085090611738
45,6168,920,5,1.655,4.0167,0.0630881274390616,35.0,0.5025153721775962,4.950261780104712,-0.2043296518780283,0.9240837696335078,-0.3988181423018323,1093.0,-0.2947145131096158,2.8612565445026177,-0.02132620510115757,34.09,-0.719035619030584,-117.93,0.8170736994052994
46,14636,2185,5,1.663,3.1304,-0.39730038822086533,16.0,-1.0046354433894031,3.7909356725146197,-0.6909599057457972,1.1608187134502923,0.1549954220481673,1235.0,-0.17375137685028463,1.8055555555555556,-0.10657625716147204,32.8,-1.3226014543140325,-117.19,1.1865304189434462
47,13286,1980,5,1.664,4.7176,0.427170617144627,35.0,0.5025153721775962,6.703324808184143,0.5315232723469177,1.0,-0.2212210480434483,1074.0,-0.31089972148234324,2.7468030690537084,-0.030568561452680047,34.08,-0.7237144239552643,-117.65,0.9568681338251376
48,14542,2169,5,1.683,4.5221,0.32561814641065917,16.0,-1.0046354433894031,6.38494623655914,0.39788301002418447,1.1053763440860216,0.025294518165556695,1594.0,0.13206387608703857,3.4279569892473116,0.02443603527078081,32.92,-1.2664557952178959,-117.15,1.2065010524319906
49,14720,2199,5,1.772,4.1162,0.11477340026785848,27.0,-0.13207444490324566,6.334224598930481,0.3765924661174908,0.9893048128342246,-0.246241180813761,927.0,-0.4361221231029185,2.478609625668449,-0.052225740190034474,32.8,-1.3226014543140325,-117.02,1.2714056112697771
50,7158,1050,6,1.819,1.5078,-1.2401599228138893,22.0,-0.5286930805787718,3.96684350132626,-0.6171221211643055,1.0490716180371353,-0.10642376777965974,2486.0,0.8919168165329782,3.297082228116711,0.013867625923269629,34.04,-0.7424296436539753,-118.16,0.7022425568461521
51,730,98,6,1.828,4.0588,0.08495697152039154,45.0,1.2957526435286484,5.822274881516588,0.1617001943730668,1.0545023696682465,-0.09371916291890485,1129.0,-0.2640478025086586,2.675355450236967,-0.03633810537419108,37.68,0.9606553489287708,-122.13,-1.2798428168922602
52,738,101,6,1.869,4.7933,0.4664929804927671,37.0,0.6611628264478067,6.0,0.2363007911853328,1.021543985637343,-0.17082142691545765,1635.0,0.16698985204923983,2.9353680430879714,-0.01534154734406785,37.67,0.9559765440040938,-122.14,-1.2848354752643998
53,3461,511,6,1.894,4.26,0.1894703071299789,23.0,-0.4493693534436666,5.104105571847508,-0.1397533062392675,0.9398826979472141,-0.3618584072443183,1952.0,0.437027275952113,2.8621700879765397,-0.021252434564304243,34.32,-0.6114231057629944,-118.45,0.5574554640541742
54,15343,2298,6,1.898,3.8958,0.00028662507723687536,4.0,-1.956520169010666,6.631768953068592,0.5014875095769502,1.036101083032491,-0.13676680927001025,934.0,-0.4301591515971768,3.371841155234657,0.019904564881842245,33.23,-1.1214128425528842,-117.35,1.1066478849892551
55,8280,1225,6,1.986,3.5812,-0.1631323380578336,12.0,-1.321930351929824,4.4271457085828345,-0.4239090308123708,1.1307385229540918,0.08462635339085715,2176.0,0.6278423641358467,2.1716566866267466,-0.07701282887077061,33.78,-0.8640785716955991,-118.15,0.7072352152182846
56,15471,2319,6,1.99,3.0139,-0.4578163106787028,11.0,-1.4012540790649293,5.347712418300653,-0.03749867679781973,1.1294117647058823,0.08152255847733426,1927.0,0.4157309491458927,2.518954248366013,-0.04896782793899884,33.15,-1.1588432819503063,-117.2,1.1815377605713067
57,11110,1645,6,2.013,3.2303,-0.3454073354007967,13.0,-1.242606624794719,3.6643518518518516,-0.7440938051563115,1.0972222222222223,0.006218908875574216,1672.0,0.19850841572244585,3.8703703703703702,0.06016183657985938,33.85,-0.8313269372228539,-117.89,0.8370443328938507
58,14292,2134,6,2.032,2.625,-0.6598304071924629,50.0,1.6923712792041745,4.74223602484472,-0.29164902252830693,1.049689440993789,-0.1049784436198839,728.0,-0.605640884480432,2.260869565217391,-0.06980870324814667,32.74,-1.3506742838620975,-117.13,1.2164863691762697
59,1456,198,6,2.041,3.65,-0.1273941795591278,22.0,-0.5286930805787718,5.531481481481482,0.03963888206784149,1.0425925925925925,-0.12158068596463872,1420.0,-0.016158558484254567,2.6296296296296298,-0.040030560556187283,37.96,1.0916618868197518,-121.98,-1.2049529413102085
60,15570,2337,7,2.109,5.0278,0.5883040003757105,14.0,-1.1632828976596137,6.230088495575221,0.33288105646252253,1.1084070796460177,0.032384567636169474,1448.0,0.007693327538712147,3.2035398230088497,0.006313882023450209,32.99,-1.2337041607451507,-116.89,1.3363101701075566
61,15883,2398,7,2.173,4.3393,0.23066269039956275,43.0,1.137105189258438,5.071949947862357,-0.15325071595058512,1.013555787278415,-0.18950887767607064,3134.0,1.4439176073502078,3.267987486965589,0.011518165021193218,37.73,0.9840493735521588,-122.39,-1.4096519345678262
62,16663,2530,7,2.193,3.0833,-0.42176648219308976,44.0,1.2164289163935433,5.116704805491991,-0.13446474400745584,0.9405034324942791,-0.3604062717611371,1036.0,-0.34327013822779806,2.3707093821510297,-0.060938909424019035,35.29,-0.1575790280692412,-120.67,-0.5509146945602525
63,11025,1630,7,2.223,4.1339,0.12396766488162415,26.0,-0.21139817203835087,4.280388978930308,-0.4855105630646433,1.0259319286871962,-0.16055635011089114,3657.0,1.889436764136336,5.927066450567261,0.22624432560348354,33.79,-0.8593997667709222,-117.82,0.8719929414988138
64,17449,2634,7,2.231,5.3765,0.7694362077666802,15.0,-1.0839591705245084,6.502976190476191,0.44742640084633256,1.1488095238095237,0.12690133499587133,827.0,-0.5213074303277996,2.4613095238095237,-0.053622759421391934,34.74,-0.4149132989265229,-120.46,-0.4460688687453703
65,11267,1662,7,2.256,5.4631,0.8144205758769697,35.0,0.5025153721775962,6.589403973509934,0.48370469538622374,1.0463576158940397,-0.11277285666484162,1614.0,0.1491009375320148,3.562913907284768,0.035334087284606935,33.8,-0.8547209618462452,-117.97,0.7971030659167551
66,8013,1182,7,2.262,5.296,0.7276204845232818,35.0,0.5025153721775962,6.806083650190114,0.5746565728437649,1.0228136882129277,-0.16785110703909334,924.0,-0.4386776823196649,3.5133079847908744,0.03132830579971678,33.84,-0.8360057421475309,-118.1,0.7321985070789756
67,10222,1512,7,2.296,5.3836,0.7731243026117504,33.0,0.34386791790738575,6.591666666666667,0.484654466928568,1.0666666666666667,-0.06526222044183305,771.0,-0.569011202373733,3.2125,0.007037434964067464,33.88,-0.8172905224488197,-117.89,0.8370443328938507
68,13255,1975,7,2.305,5.0681,0.6092378344963187,19.0,-0.7666642619840874,5.939655172413793,0.2109708873941333,1.139655172413793,0.10548580632890096,1635.0,0.16698985204923983,2.8189655172413794,-0.024741293571710784,34.11,-0.7096780091812301,-117.66,0.9518754754530051
69,6618,980,7,2.306,3.4777,-0.21689541079934593,47.0,1.454400097798859,4.873180873180873,-0.23668457001463258,1.0665280665280665,-0.06558645916865549,1537.0,0.08350825096885635,3.1954261954261955,0.005658689709470146,34.18,-0.6769263747084848,-118.12,0.7222131903346963
70,15039,2243,8,2.414,5.5,0.8335882800717698,35.0,0.5025153721775962,6.60625,0.4907758603447745,0.990625,-0.24315275817492552,881.0,-0.4753073644263638,2.753125,-0.03005805237109759,32.77,-1.3366378690880634,-117.0,1.2813909280140494
71,19348,2904,8,2.446,4.5913,0.3615640849006367,16.0,-1.0046354433894031,6.338593974175036,0.3784265231361163,1.0100430416068866,-0.1977265331249841,1908.0,0.3995457407731653,2.7374461979913915,-0.03132414826517299,38.62,1.4004630118484898,-122.85,-1.639314219686128
72,11032,1634,8,2.48,4.25,0.18427580734819038,24.0,-0.37004562630856136,5.35343618513324,-0.035096110264912585,1.1037868162692848,0.02157600474448024,1656.0,0.18487876656646487,2.3225806451612905,-0.06482540510502117,33.78,-0.8640785716955991,-117.84,0.8620076247545346
73,19241,2886,8,2.542,5.4886,0.8276665503205307,6.0,-1.7978727147404554,6.739217652958876,0.5465893905430074,1.0190571715145436,-0.17663903614128162,2699.0,1.073361520921975,2.7071213640922767,-0.033772941716809675,38.54,1.3630325724510677,-122.75,-1.58938763596476
74,16647,2527,8,2.589,4.2411,0.17965270254239865,27.0,-0.13207444490324566,6.436708860759493,0.41961051084605533,1.0791139240506329,-0.036143325414949204,768.0,-0.5715667615904795,2.430379746835443,-0.056120403285384285,35.27,-0.1669366379185951,-120.65,-0.5409293778159804
75,20365,3054,8,2.593,6.3522,1.2762635514757972,17.0,-0.925311716254298,7.430340557275541,0.8366900897160506,1.089783281733746,-0.011183617682139968,1067.0,-0.3168626929880849,3.303405572755418,0.014378249163456923,34.18,-0.6769263747084848,-118.92,0.322800520563733
76,18638,2806,8,2.624,3.5943,-0.15632754334369042,14.0,-1.1632828976596137,5.001473839351511,-0.1828332521772009,1.0714812085482683,-0.053999165832430945,3416.0,1.6841401737243726,2.5173176123802508,-0.049099989701136784,36.99,0.6378178091259986,-121.98,-1.2049529413102085
77,8396,1243,8,2.625,2.2297,-0.8651689835665678,35.0,0.5025153721775962,2.5810055865921786,-1.1988313157139663,0.9748603351955307,-0.2800323377814876,1376.0,-0.05364009366320226,3.8435754189944134,0.05799808848861982,33.95,-0.7845388879760745,-118.37,0.5973967310312699
78,19315,2899,8,2.698,4.6705,0.40270452317240235,19.0,-0.7666642619840874,6.3896103896103895,0.39984080082053425,1.1363636363636365,0.09778564477803774,852.0,-0.5000111035215793,2.7662337662337664,-0.02899949221478885,38.43,1.3115657182796112,-122.91,-1.6692701699189514
79,17995,2725,8,2.83,7.5443,1.8954998704628205,33.0,0.34386791790738575,6.309523809523809,0.36622424328440945,1.0386904761904763,-0.13070922845322494,907.0,-0.4531591845478947,2.699404761904762,-0.03439607340381367,37.29,0.7781819568663335,-121.98,-1.2049529413102085
80,14381,2147,9,2.868,2.9904,-0.4700233851659061,36.0,0.5818390993127014,4.3675417661097855,-0.4489279460833061,1.026252983293556,-0.15980528061083132,755.0,-0.582640851529714,1.801909307875895,-0.1068706992504445,32.74,-1.3506742838620975,-117.25,1.1565744687106227
81,15735,2363,9,2.875,2.6392,-0.6524542175023229,26.0,-0.21139817203835087,3.8322649572649574,-0.6736118272383294,1.1047008547008548,0.023714290177037408,1821.0,0.3254345234875187,1.9455128205128205,-0.0952744167267802,37.78,1.0074433981755502,-122.43,-1.4296225680563777
82,19114,2864,9,2.911,6.2034,1.1989693947227826,22.0,-0.5286930805787718,6.532293986636971,0.4597326246906494,1.0267260579064588,-0.15869857818088545,1283.0,-0.1328624293823417,2.8574610244988863,-0.02163270124097533,38.21,1.2086320099366985,-122.63,-1.529475735499113
83,282,38,9,2.93,7.0712,1.6497480857864004,24.0,-0.37004562630856136,7.589506172839506,0.9035002852268879,0.9783950617283951,-0.27176326069211987,916.0,-0.4454925068976554,2.8271604938271606,-0.02407953215641866,37.77,1.0027645932508733,-122.13,-1.2798428168922602
84,4634,683,9,3.0,1.8829,-1.0453142359989973,28.0,-0.05275071776814042,2.1992417860151643,-1.359077698484122,1.0657118786857624,-0.06749583465348205,5840.0,3.7490320208554913,2.459983150800337,-0.053729866802429194,34.07,-0.7283932288799412,-118.3,0.632345339636233
85,9293,1359,9,3.109,5.4781,0.822212325549653,27.0,-0.13207444490324566,6.382413087934561,0.3968197140713088,1.0858895705521472,-0.020292497145661864,1318.0,-0.10304757185363331,2.6952965235173822,-0.034727822203963615,38.01,1.1150559114431398,-122.53,-1.4795491517777453
86,1661,225,9,3.204,7.5695,1.9085900099129278,16.0,-1.0046354433894031,7.992990654205608,1.0728639822172386,0.9976635514018691,-0.22668689480518722,1341.0,-0.08345495119191065,3.133177570093458,0.0006319836574168212,37.93,1.0776254720457177,-121.94,-1.184982307821657
87,17862,2708,9,3.205,5.6063,0.8888058127521831,16.0,-1.0046354433894031,6.417391304347826,0.4115019145510444,0.9695652173913043,-0.2924196432528815,1525.0,0.0732860141018706,3.3152173913043477,0.015332078094911817,37.45,0.8530428356611811,-121.9,-1.165011674333113
88,18118,2744,9,3.401,6.3197,1.2593814271849844,33.0,0.34386791790738575,6.131578947368421,0.29153140847441406,1.0382775119617225,-0.1316753097075927,1230.0,-0.17801064221152868,2.9425837320574164,-0.014758865441960556,37.31,0.7875395667156907,-122.02,-1.2249235747987528
89,11610,1711,9,3.591,6.6264,1.4186967354924418,25.0,-0.2907218991734561,7.226993865030675,0.751334768359587,1.0122699386503067,-0.19251696934376467,937.0,-0.4276035923804304,2.874233128834356,-0.020278318908544354,33.78,-0.8640785716955991,-118.05,0.7571617989396594
90,1571,214,10,3.866,6.5617,1.3850883219042693,30.0,0.10589673650207003,7.200367647058823,0.7401583417041787,1.0091911764705883,-0.1997193714439607,1330.0,-0.09282533498664758,2.4448529411764706,-0.054951662719665714,37.83,1.0308374227989383,-122.01,-1.2199309164266203
91,18148,2750,10,4.473,7.7799,2.0178822853217606,25.0,-0.2907218991734561,7.045936395759718,0.6753354083355699,1.0141342756183747,-0.1881555722268512,704.0,-0.6260853582144034,2.487632508833922,-0.051497123595331935,37.34,0.8015759814897249,-122.04,-1.234908891543032
92,9313,1363,10,4.878,6.0762,1.132895357498431,37.0,0.6611628264478067,7.070692194403534,0.6857267214439946,1.0294550810014726,-0.152314349544944,1830.0,0.33310120113775804,2.695139911634757,-0.0347404689394378,37.98,1.1010194966691056,-122.51,-1.4695638350334732
93,6702,989,10,4.932,4.8304,0.4857645746832028,39.0,0.8198102807180171,5.523684210526316,0.03636595659885881,1.0447368421052632,-0.11656446636341693,1500.0,0.05198968729565033,3.9473684210526314,0.06637958942647972,34.13,-0.700320399331873,-118.13,0.7172205319625639
94,9850,1456,10,5.0,1.2656,-1.36597070752881,19.0,-0.7666642619840874,3.791907514450867,-0.690551972477445,1.1560693641618498,0.14388487784472642,248.0,-1.0145303591598613,1.4335260115606936,-0.13661841713441056,36.6,0.45534441706356127,-121.89,-1.1600190159609733
95,10805,1594,10,5.00001,3.6607,-0.121836064792614,25.0,-0.2907218991734561,4.771084337349397,-0.27953986571220646,1.0602409638554218,-0.08029439659620538,569.0,-0.7410855229679929,2.285140562248996,-0.06784876972325367,33.62,-0.9389394504904468,-117.94,0.8120810410331668
96,14807,2207,10,5.00001,5.1009,0.6262757937805855,52.0,1.851018733474385,6.123333333333333,0.2880702897909648,1.0433333333333332,-0.11984781010239863,668.0,-0.6567520688153606,2.2266666666666666,-0.0725706584917153,32.69,-1.374068308485489,-117.18,1.191523077315579
97,15672,2353,10,5.00001,7.9761,2.1197983710404538,52.0,1.851018733474385,7.709756097560976,0.9539755147690134,1.1512195121951219,0.13253921944314226,842.0,-0.5085296342440674,2.053658536585366,-0.08654142507307362,37.8,1.0168010080249041,-122.44,-1.4346152264285101
98,15698,2357,10,5.00001,14.2959,5.402618343135236,52.0,1.851018733474385,8.172727272727272,1.1483089115843061,0.8727272727272727,-0.5189606280101685,304.0,-0.9668265871139279,2.7636363636363637,-0.029209237880435168,37.79,1.012122203100227,-122.46,-1.4446005431727822
99,17110,2590,10,5.00001,15.0001,5.768415017768792,40.0,0.8991340078531224,8.584541062801932,1.321168858322551,1.0,-0.2212210480434483,577.0,-0.7342706983900024,2.78743961352657,-0.027287075910719976,37.46,0.8577216405858581,-122.21,-1.3197840838693558
